date,open,close,high,low,volume,amount
2020-01-02,896.77,898.77,913.83,884.77,148099,16696837120.0
2020-01-03,885.77,847.33,885.77,845.67,130319,14266380544.0
2020-01-06,839.63,846.76,861.67,836.07,63415,6853917696.0
2020-01-07,846.27,863.3,867.77,845.17,47854,5220697088.0
2020-01-08,853.82,856.91,864.27,851.35,25008,2720371920.0
2020-01-09,862.77,871.47,874.16,858.77,37406,4110949808.0
2020-01-10,877.77,881.27,884.76,871.27,35976,3993457120.0
2020-01-13,881.27,893.04,897.97,880.77,38516,4325688064.0
2020-01-14,892.97,876.17,893.66,871.77,35145,3916300784.0
2020-01-15,877.78,880.9,890.37,873.77,26029,2895603680.0
2020-01-16,887.64,875.77,887.64,871.35,23192,2571593136.0
2020-01-17,878.77,876.27,881.55,869.78,23473,2599645152.0
2020-01-20,880.63,859.77,880.63,850.77,35391,3858246848.0
2020-01-21,849.77,844.07,855.77,841.07,32874,3542441312.0
2020-01-22,838.77,844.28,852.77,824.15,36200,3875275072.0
2020-01-23,844.77,821.57,844.77,805.77,53468,5638945792.0
2020-02-03,753.77,772.69,779.45,748.77,123443,12314991872.0
2020-02-04,783.77,806.78,825.77,779.78,62624,6490469120.0
2020-02-05,818.77,818.76,822.77,801.8,47418,4956355328.0
2020-02-06,828.2,839.77,843.77,820.79,47171,5011246336.0
2020-02-07,838.78,844.77,845.77,829.79,31279,3348894576.0
2020-02-10,830.77,835.26,843.37,825.97,30533,3251908512.0
2020-02-11,831.77,866.77,868.45,831.57,47918,5222918912.0
2020-02-12,857.77,866.04,867.56,854.65,28125,3072293968.0
2020-02-13,866.77,859.77,882.66,856.78,30357,3335277424.0
2020-02-14,859.22,856.77,862.28,851.88,23288,2534568400.0
2020-02-17,851.27,862.59,864.96,851.17,27028,2946182656.0
2020-02-18,858.78,852.77,865.65,851.77,26665,2897729696.0
2020-02-19,853.77,865.27,870.27,846.77,37051,4052365600.0
2020-02-20,865.47,886.77,892.77,864.18,46803,5220660992.0
2020-02-21,880.23,881.65,892.31,878.78,28940,3225337168.0
2020-02-24,874.27,855.95,878.77,854.27,38650,4221857472.0
2020-02-25,846.77,843.58,850.86,836.65,38386,4127432128.0
2020-02-26,830.77,842.47,852.77,823.77,43561,4663278336.0
2020-02-27,844.77,856.16,863.76,844.77,34498,3758783808.0
2020-02-28,839.07,825.77,850.77,818.74,49947,5307929344.0
2020-03-02,818.88,854.78,865.32,818.78,47663,5154329088.0
2020-03-03,866.77,881.77,887.65,866.77,50250,5585227776.0
2020-03-04,893.77,897.69,907.77,885.01,53793,6080149248.0
2020-03-05,905.08,939.77,943.76,899.33,62426,7210484992.0
2020-03-06,931.77,924.27,944.77,920.75,30641,3553622352.0
2020-03-09,903.77,882.78,903.77,880.08,43404,4865288448.0
2020-03-10,881.77,924.77,936.77,881.77,58063,6635936256.0
2020-03-11,924.27,927.29,938.35,909.77,35548,4124607952.0
2020-03-12,909.99,907.27,921.77,893.87,36631,4172606112.0
2020-03-13,858.77,880.8,897.75,848.77,75885,8348496384.0
2020-03-16,872.75,835.77,876.72,830.77,51233,5548946688.0
2020-03-17,823.77,813.87,846.77,779.89,79359,8277472768.0
2020-03-18,808.77,776.76,828.77,776.76,73460,7582762496.0
2020-03-19,762.76,764.77,783.77,728.87,102265,10075880448.0
2020-03-20,779.77,804.05,811.77,779.77,60139,6169094400.0
2020-03-23,768.77,787.77,804.05,760.29,48472,4918121984.0
2020-03-24,811.77,824.77,827.65,803.77,46651,4900364032.0
2020-03-25,856.75,848.87,860.13,842.97,37049,4015061216.0
2020-03-26,842.1,833.69,859.97,830.77,30049,3231754304.0
2020-03-27,853.77,844.27,860.77,843.78,36261,3931759360.0
2020-03-30,829.02,840.77,845.77,825.77,30687,3279823024.0
2020-03-31,850.77,879.77,883.77,850.57,47984,5293170688.0
2020-04-01,885.77,871.77,897.77,871.77,33205,3700184240.0
2020-04-02,872.77,913.77,913.77,872.65,45206,5095167488.0
2020-04-03,907.8,908.56,916.73,900.75,27618,3148421872.0
2020-04-07,930.72,928.72,935.27,917.66,43488,5041525504.0
2020-04-08,920.77,928.53,935.08,920.77,24224,2809422096.0
2020-04-09,934.77,927.27,937.77,916.73,22817,2640230496.0
2020-04-10,926.65,933.77,950.27,922.27,27804,3252600672.0
2020-04-13,933.77,931.07,938.75,917.27,15981,1854563728.0
2020-04-14,944.77,953.87,960.32,934.77,36800,4340858624.0
2020-04-15,960.77,958.37,972.76,955.87,29332,3501318256.0
2020-04-16,961.74,965.87,965.87,952.87,21728,2588431840.0
2020-04-17,978.77,994.77,1003.33,973.78,38246,4676618240.0
2020-04-20,989.77,996.07,1000.27,985.57,24239,2963483328.0
2020-04-21,989.79,968.77,992.76,961.77,29224,3517018480.0
2020-04-22,974.77,1013.27,1018.27,970.99,44035,5430377728.0
2020-04-23,1018.77,1021.03,1034.45,1016.54,26899,3377042464.0
2020-04-24,1016.77,1019.33,1028.66,1003.95,19122,2390444032.0
2020-04-27,1025.77,1044.77,1046.94,1019.73,25904,3284513344.0
2020-04-28,1054.08,1047.9,1068.71,1040.65,34662,4458549504.0
2020-04-29,1046.57,1043.67,1056.87,1026.77,23444,2976724960.0
2020-04-30,1039.77,1034.47,1053.78,1027.65,24661,3134408880.0
2020-05-06,1019.77,1068.77,1068.77,1018.77,35835,4598589696.0
2020-05-07,1068.17,1080.77,1083.76,1061.77,27935,3647628304.0
2020-05-08,1085.77,1083.38,1106.77,1077.28,29079,3839218032.0
2020-05-11,1088.77,1091.78,1103.77,1082.44,23671,3135990960.0
2020-05-12,1086.77,1101.77,1103.76,1084.77,19722,2621824688.0
2020-05-13,1101.77,1104.72,1106.76,1091.65,22014,2931464944.0
2020-05-14,1098.77,1095.36,1103.65,1093.88,18575,2467976352.0
2020-05-15,1097.77,1081.77,1102.27,1070.65,26398,3469736816.0
2020-05-18,1074.77,1114.98,1120.27,1073.9,34362,4587989760.0
2020-05-19,1132.77,1114.88,1132.77,1106.77,24787,3342210480.0
2020-05-20,1114.88,1119.77,1127.95,1105.58,21183,2859455104.0
2020-05-21,1123.77,1134.87,1140.73,1121.63,23052,3147105456.0
2020-05-22,1134.77,1096.97,1134.87,1091.65,34427,4608696064.0
2020-05-25,1098.77,1131.67,1135.35,1089.77,31561,4260387680.0
2020-05-26,1138.65,1126.77,1138.72,1123.77,22470,3056188320.0
2020-05-27,1127.77,1106.77,1128.77,1101.77,26777,3596654304.0
2020-05-28,1106.74,1112.77,1115.71,1089.9,26486,3536546896.0
2020-05-29,1100.87,1135.37,1138.75,1100.87,30444,4144247216.0
2020-06-01,1149.77,1188.27,1188.87,1149.77,35480,4986178816.0
2020-06-02,1184.78,1179.48,1196.67,1175.43,25960,3679210592.0
2020-06-03,1183.77,1168.07,1186.27,1164.54,23557,3308382800.0
2020-06-04,1164.77,1176.76,1179.77,1164.77,18037,2534459744.0
2020-06-05,1174.02,1193.77,1197.65,1169.85,18347,2597524608.0
2020-06-08,1193.77,1174.87,1203.77,1170.78,29300,4145298448.0
2020-06-09,1176.77,1185.32,1193.77,1169.45,22612,3199849664.0
2020-06-10,1193.77,1192.43,1202.1,1185.77,22701,3234843856.0
2020-06-11,1179.78,1169.23,1186.76,1165.76,30712,4314846208.0
2020-06-12,1155.94,1185.14,1185.14,1152.08,28427,3992323392.0
2020-06-15,1170.77,1151.77,1180.37,1149.77,34615,4819512320.0
2020-06-16,1167.27,1172.65,1182.77,1161.9,29207,4099718928.0
2020-06-17,1180.63,1173.77,1180.67,1163.79,19453,2730097120.0
2020-06-18,1173.67,1181.77,1181.97,1168.87,21010,2956800080.0
2020-06-19,1188.77,1208.61,1213.97,1183.87,38958,5603232768.0
2020-06-22,1203.87,1207.77,1212.66,1201.97,23247,3343536640.0
2020-06-23,1203.77,1243.27,1250.77,1202.29,33934,4963194624.0
2020-06-24,1249.39,1245.8,1251.5,1230.79,25139,3663537120.0
2020-06-29,1233.79,1248.96,1251.79,1222.8,28081,4064048240.0
2020-06-30,1248.91,1248.67,1254.77,1240.91,22446,3281641200.0
2020-07-01,1253.79,1280.06,1291.89,1249.81,38682,5759640320.0
2020-07-02,1284.79,1329.79,1336.69,1280.79,45884,7014289664.0
2020-07-03,1335.79,1327.58,1338.29,1302.67,35126,5395636992.0
2020-07-06,1323.79,1385.79,1401.79,1317.6,51822,8228069120.0
2020-07-07,1388.88,1473.79,1530.61,1386.79,66664,11219852032.0
2020-07-08,1465.79,1467.13,1504.79,1445.79,53170,8963188992.0
2020-07-09,1476.79,1491.79,1497.79,1467.79,35033,5951732736.0
2020-07-10,1474.79,1499.64,1522.39,1474.73,37100,6352507392.0
2020-07-13,1500.47,1567.78,1572.79,1500.47,60727,10679460352.0
2020-07-14,1567.78,1547.79,1567.82,1534.19,46094,8135834880.0
2020-07-15,1530.67,1538.32,1568.39,1530.5,40713,7176560640.0
2020-07-16,1515.7,1399.79,1515.7,1385.79,102242,16901373184.0
2020-07-17,1405.79,1433.84,1458.38,1405.79,65902,10863420160.0
2020-07-20,1438.29,1422.75,1449.78,1374.67,45280,7363823104.0
2020-07-21,1432.43,1453.79,1488.59,1416.78,41970,7026353152.0
2020-07-22,1443.79,1463.87,1495.79,1443.79,39201,6637265408.0
2020-07-23,1457.79,1461.79,1476.79,1435.79,34321,5739050240.0
2020-07-24,1440.64,1381.09,1451.79,1370.79,78752,12705942016.0
2020-07-27,1401.8,1408.34,1415.59,1385.79,38788,6279664384.0
2020-07-28,1415.79,1455.79,1465.79,1415.79,54912,9133721856.0
2020-07-29,1475.79,1457.79,1475.79,1418.79,50748,8411790080.0
2020-07-30,1456.99,1465.79,1486.38,1456.29,38373,6486855424.0
2020-07-31,1470.79,1463.97,1490.79,1431.79,40685,6846747392.0
2020-08-03,1472.67,1453.79,1482.37,1445.79,34661,5790041344.0
2020-08-04,1460.79,1455.78,1468.78,1445.79,31941,5337185792.0
2020-08-05,1447.88,1453.79,1458.88,1429.1,25522,4236612464.0
2020-08-06,1455.79,1423.75,1459.82,1415.79,32649,5372942592.0
2020-08-07,1430.56,1416.79,1435.46,1384.29,34242,5560065792.0
2020-08-10,1413.76,1419.78,1430.75,1393.9,23624,3857721120.0
2020-08-11,1425.79,1428.3,1452.22,1425.79,35818,5936904960.0
2020-08-12,1418.79,1412.74,1426.79,1391.04,27934,4529267456.0
2020-08-13,1415.79,1420.79,1424.67,1394.79,20541,3341652192.0
2020-08-14,1425.69,1446.79,1451.49,1416.79,37653,6230475520.0
2020-08-17,1459.79,1475.79,1490.14,1455.79,43572,7363610880.0
2020-08-18,1483.17,1490.79,1505.79,1476.79,30423,5192751872.0
2020-08-19,1485.79,1472.79,1502.79,1468.78,26915,4578143744.0
2020-08-20,1459.79,1449.79,1464.79,1441.79,22382,3727183936.0
2020-08-21,1458.79,1461.79,1483.79,1456.79,25082,4217048416.0
2020-08-24,1485.79,1482.14,1493.79,1476.8,30933,5260286464.0
2020-08-25,1490.59,1512.79,1532.57,1484.42,41872,7227309824.0
2020-08-26,1519.79,1512.79,1530.79,1500.81,26216,4530374144.0
2020-08-27,1517.78,1516.79,1519.77,1490.79,22636,3896759440.0
2020-08-28,1516.79,1542.79,1549.79,1507.29,42300,7389242368.0
2020-08-31,1556.37,1572.29,1601.79,1556.37,47810,8608932608.0
2020-09-01,1577.79,1587.77,1587.79,1560.8,31640,5661594368.0
2020-09-02,1610.79,1580.79,1613.79,1555.79,32009,5746351872.0
2020-09-03,1580.79,1578.79,1597.79,1565.49,30437,5471333888.0
2020-09-04,1551.79,1555.79,1562.78,1531.79,30858,5433479424.0
2020-09-07,1545.79,1509.29,1563.78,1489.76,31112,5446354688.0
2020-09-08,1517.79,1497.19,1523.59,1462.86,34472,5865962752.0
2020-09-09,1485.46,1473.79,1496.79,1465.83,25964,4401806080.0
2020-09-10,1489.53,1491.59,1505.79,1485.79,24778,4236694400.0
2020-09-11,1473.79,1518.79,1521.79,1473.79,31088,5339883520.0
2020-09-14,1530.79,1551.79,1554.79,1516.37,31056,5448188928.0
2020-09-15,1555.78,1545.79,1555.78,1533.54,20821,3654872016.0
2020-09-16,1545.79,1510.89,1550.6,1504.79,22516,3916457760.0
2020-09-17,1485.79,1456.31,1485.79,1443.79,63680,10683350272.0
2020-09-18,1450.79,1480.79,1480.79,1420.8,47201,7853673216.0
2020-09-21,1478.55,1452.59,1478.55,1452.45,22444,3756765104.0
2020-09-22,1435.79,1451.48,1472.77,1435.79,23265,3890070208.0
2020-09-23,1420.79,1435.77,1451.8,1406.81,35726,5878691072.0
2020-09-24,1421.76,1415.11,1444.67,1412.59,30051,4915392256.0
2020-09-25,1415.79,1420.9,1435.79,1410.79,22583,3700843488.0
2020-09-28,1420.98,1446.79,1454.29,1420.98,24232,4019640144.0
2020-09-29,1455.12,1438.09,1455.19,1438.09,17431,2895081360.0
2020-09-30,1445.79,1454.29,1477.69,1445.79,27088,4536012544.0
2020-10-09,1477.79,1481.79,1492.21,1473.79,34240,5817280512.0
2020-10-12,1485.79,1536.4,1536.4,1485.79,43729,7597987840.0
2020-10-13,1536.41,1524.79,1536.41,1520.79,22944,3995560512.0
2020-10-14,1525.79,1514.79,1532.77,1511.79,20481,3554316592.0
2020-10-15,1506.92,1510.79,1520.79,1506.79,16204,2801250560.0
2020-10-16,1510.79,1497.79,1520.37,1488.79,17377,2991246896.0
2020-10-19,1510.79,1484.79,1519.77,1477.69,19226,3284383408.0
2020-10-20,1485.78,1519.79,1520.76,1480.79,27735,4787807488.0
2020-10-21,1519.89,1519.12,1527.94,1508.79,18901,3275357440.0
2020-10-22,1515.79,1528.29,1530.79,1501.3,22481,3897729792.0
2020-10-23,1526.57,1501.12,1533.38,1499.79,19292,3339987456.0
2020-10-26,1404.79,1428.79,1448.71,1385.79,66015,10821908224.0
2020-10-27,1428.79,1410.79,1429.79,1401.91,43944,7156688384.0
2020-10-28,1411.79,1450.6,1462.79,1410.87,34637,5739452160.0
2020-10-29,1440.63,1461.79,1493.79,1432.79,39374,6633168640.0
2020-10-30,1463.79,1455.81,1481.79,1450.79,26055,4379602176.0
2020-11-02,1460.79,1459.8,1480.79,1457.79,21066,3544422240.0
2020-11-03,1470.78,1480.79,1491.69,1461.29,23497,3976621216.0
2020-11-04,1485.79,1485.37,1489.79,1470.79,16444,2788396256.0
2020-11-05,1502.79,1507.69,1518.27,1497.89,23524,4053043264.0
2020-11-06,1516.34,1486.41,1517.38,1475.79,23052,3932702368.0
2020-11-09,1487.17,1528.36,1536.47,1486.41,41470,7198679808.0
2020-11-10,1538.71,1530.79,1550.27,1521.79,30189,5287968256.0
2020-11-11,1530.79,1517.14,1563.29,1516.79,34851,6122365440.0
2020-11-12,1515.8,1520.58,1535.79,1508.06,23473,4071729792.0
2020-11-13,1509.79,1490.79,1514.67,1476.79,28155,4791276544.0
2020-11-16,1496.79,1515.84,1515.84,1483.05,30613,5247897088.0
2020-11-17,1525.79,1501.59,1528.14,1486.86,25224,4355288064.0
2020-11-18,1500.79,1479.44,1506.32,1468.95,35179,5973146880.0
2020-11-19,1470.29,1505.98,1510.79,1466.39,27816,4767508736.0
2020-11-20,1505.79,1505.75,1521.79,1498.44,21875,3771894864.0
2020-11-23,1556.8,1576.0,1595.69,1556.8,66637,11926870528.0
2020-11-24,1555.78,1549.29,1568.29,1537.26,32465,5736960256.0
2020-11-25,1547.29,1512.67,1554.67,1509.79,28226,4910540800.0
2020-11-26,1511.79,1520.18,1525.78,1510.97,23228,4027749312.0
2020-11-27,1518.45,1523.69,1525.82,1503.79,21569,3737697984.0
2020-11-30,1520.79,1499.7,1524.69,1499.7,31940,5520322304.0
2020-12-01,1511.79,1522.79,1524.78,1505.8,28196,4891829248.0
2020-12-02,1531.79,1523.8,1534.79,1516.79,23572,4101369312.0
2020-12-03,1523.8,1534.79,1541.45,1517.89,29506,5147357696.0
2020-12-04,1537.79,1578.9,1585.89,1537.79,62491,11176048896.0
2020-12-07,1588.49,1598.19,1626.18,1586.34,58331,10617305088.0
2020-12-08,1600.79,1635.79,1660.79,1598.79,61454,11333352192.0
2020-12-09,1651.74,1625.79,1651.79,1624.79,31152,5766037504.0
2020-12-10,1625.79,1618.69,1635.56,1613.79,32654,6009239808.0
2020-12-11,1620.57,1605.79,1623.11,1590.6,30776,5595359744.0
2020-12-14,1613.56,1614.79,1615.77,1600.79,33052,6026813440.0
2020-12-15,1619.29,1601.8,1623.01,1590.79,29605,5383582208.0
2020-12-16,1616.29,1625.79,1631.46,1606.0,32150,5901298176.0
2020-12-17,1631.29,1651.3,1653.79,1625.79,36031,6683421952.0
2020-12-18,1637.6,1630.79,1654.8,1626.87,27077,5020968960.0
2020-12-21,1625.79,1628.29,1637.02,1623.39,30697,5663526912.0
2020-12-22,1635.76,1666.79,1684.78,1628.3,40651,7618583552.0
2020-12-23,1683.78,1627.44,1691.99,1606.81,47706,8901002240.0
2020-12-24,1603.79,1616.13,1644.67,1580.81,37857,6921989376.0
2020-12-25,1588.78,1615.79,1632.79,1585.79,23088,4218997632.0
2020-12-28,1612.39,1658.79,1674.59,1611.84,30080,5616528640.0
2020-12-29,1658.79,1652.79,1672.59,1640.79,22868,4275994832.0
2020-12-30,1655.79,1718.79,1718.79,1655.78,34452,6604461312.0
2020-12-31,1726.79,1783.79,1784.77,1724.79,38860,7682300672.0
2021-01-04,1785.77,1782.79,1790.78,1769.6,43514,8686920192.0
2021-01-05,1775.79,1845.24,1845.24,1768.25,52116,10592557312.0
2021-01-06,1850.59,1885.79,1910.79,1821.82,47410,9882593792.0
2021-01-07,1882.79,1925.79,1925.79,1860.79,37931,7991178752.0
2021-01-08,1927.79,1875.79,1936.67,1848.81,53862,11345202944.0
2021-01-11,1875.79,1885.52,1936.29,1844.39,51080,10768565504.0
2021-01-12,1873.79,1946.69,1946.69,1870.79,41059,8800558336.0
2021-01-13,1949.79,1949.79,1959.12,1920.79,34390,7418330880.0
2021-01-14,1941.79,1919.79,1948.79,1901.9,36152,7722089728.0
2021-01-15,1900.79,1867.79,1920.14,1814.79,59509,12372103168.0
2021-01-18,1846.85,1848.79,1877.27,1826.06,39144,8076715776.0
2021-01-19,1858.9,1795.2,1882.09,1792.64,46345,9479278592.0
2021-01-20,1793.79,1826.42,1841.28,1768.29,45082,9126453248.0
2021-01-21,1833.79,1855.79,1875.81,1826.79,38310,7953455872.0
2021-01-22,1854.79,1865.74,1885.79,1845.89,29248,6090260480.0
2021-01-25,1868.79,1960.79,1965.29,1868.79,55957,12029474560.0
2021-01-26,1970.79,1927.68,1972.79,1910.9,31747,6820173312.0
2021-01-27,1927.68,1874.79,1927.68,1870.79,37120,7809446400.0
2021-01-28,1865.79,1873.79,1895.45,1845.81,35129,7337084416.0
2021-01-29,1886.98,1901.97,1935.27,1876.01,33701,7166179328.0
2021-02-01,1915.79,1895.11,1945.79,1880.79,29341,6219639040.0
2021-02-02,1898.01,1930.79,1935.78,1887.89,34582,7372233472.0
2021-02-03,1935.79,1975.7,1984.06,1925.79,38714,8384049408.0
2021-02-04,1976.79,2106.64,2115.79,1976.79,63851,14596930304.0
2021-02-05,2110.79,2098.79,2150.39,2076.79,39729,9253566208.0
2021-02-08,2122.79,2154.59,2164.67,2098.79,35786,8420758528.0
2021-02-09,2154.59,2242.22,2242.22,2135.79,33297,7972930048.0
2021-02-10,2270.79,2386.79,2386.99,2270.79,61371,15675929600.0
2021-02-18,2373.77,2256.79,2413.67,2250.79,65912,16704135168.0
2021-02-19,2236.95,2245.79,2282.45,2167.39,59385,14525164544.0
2021-02-22,2240.79,2073.81,2240.79,2064.01,78935,18498777344.0
2021-02-23,2050.93,2092.79,2130.68,2050.79,57455,13316110848.0
2021-02-24,2093.78,1974.79,2103.79,1946.29,82116,18195034368.0
2021-02-25,1994.79,1935.79,2010.29,1907.0,59726,12982145792.0
2021-02-26,1885.79,1908.57,1965.74,1853.09,66525,14097015552.0
2021-03-01,1964.79,1943.79,1964.79,1905.79,44916,9686945536.0
2021-03-02,1965.79,1843.79,1965.79,1818.79,70765,14796698624.0
2021-03-03,1825.79,1925.79,1935.56,1818.79,54215,11366685440.0
2021-03-04,1880.79,1818.79,1881.79,1795.89,65088,13297304320.0
2021-03-05,1785.79,1845.9,1880.79,1773.79,63779,13100315904.0
2021-03-08,1860.75,1745.79,1870.79,1745.79,63100,12724246016.0
2021-03-09,1740.79,1722.78,1785.79,1685.97,82266,16100769536.0
2021-03-10,1762.79,1755.8,1785.66,1752.79,51172,10136910336.0
2021-03-11,1760.79,1833.79,1865.78,1747.27,56769,11521736448.0
2021-03-12,1855.79,1811.79,1862.79,1787.8,40323,8181594624.0
2021-03-15,1835.79,1761.24,1855.59,1736.94,62485,12459955712.0
2021-03-16,1760.72,1796.29,1805.78,1750.79,34649,6918600704.0
2021-03-17,1785.79,1816.15,1835.79,1761.8,31375,6352656640.0
2021-03-18,1820.79,1855.49,1872.15,1820.79,33865,6997030400.0
2021-03-19,1820.79,1795.79,1828.79,1778.02,35781,7211521792.0
2021-03-22,1785.89,1775.78,1811.88,1741.34,36914,7323391232.0
2021-03-23,1784.67,1781.79,1794.59,1755.79,27446,5459520768.0
2021-03-24,1766.79,1774.79,1798.79,1766.79,29357,5857848064.0
2021-03-25,1755.8,1756.79,1774.67,1732.59,31575,6216733184.0
2021-03-26,1770.79,1798.79,1807.79,1743.79,50016,9987629568.0
2021-03-29,1828.99,1819.89,1882.14,1811.94,56992,11740129536.0
2021-03-30,1825.79,1841.84,1871.79,1820.87,32627,6717493248.0
2021-03-31,1830.89,1794.79,1831.81,1785.79,37154,7489086208.0
2021-04-01,1806.79,1830.29,1832.59,1787.01,26588,5379776000.0
2021-04-02,1841.79,1947.79,1950.79,1841.79,52028,10981752576.0
2021-04-06,1946.79,1911.82,1947.77,1888.09,32742,6967525120.0
2021-04-07,1889.85,1846.79,1903.09,1835.79,40201,8317799936.0
2021-04-08,1832.82,1855.79,1864.79,1829.79,28548,5893307648.0
2021-04-09,1827.79,1805.79,1839.79,1790.8,28809,5832453888.0
2021-04-12,1796.79,1794.68,1815.79,1777.49,31943,6409917440.0
2021-04-13,1805.79,1806.79,1835.59,1794.79,28992,5883787264.0
2021-04-14,1820.79,1832.79,1833.79,1801.79,24115,4908790016.0
2021-04-15,1816.69,1801.39,1832.69,1775.79,34366,6903769600.0
2021-04-16,1810.87,1840.77,1853.79,1797.79,30294,6183895040.0
2021-04-19,1840.79,1873.79,1884.15,1818.79,31754,6610577920.0
2021-04-20,1856.89,1880.59,1914.79,1855.79,28290,5949669888.0
2021-04-21,1861.79,1865.79,1883.59,1850.89,26150,5446146048.0
2021-04-22,1875.69,1841.29,1884.79,1837.29,26850,5539295744.0
2021-04-23,1841.76,1894.73,1905.67,1838.29,33463,7002695424.0
2021-04-26,1917.79,1863.61,1920.79,1859.39,34045,7160836864.0
2021-04-27,1872.87,1880.23,1881.04,1850.88,22108,4607779072.0
2021-04-28,1795.79,1827.79,1833.29,1788.79,81343,16463574528.0
2021-04-29,1832.83,1812.15,1835.73,1799.79,41284,8370431232.0
2021-04-30,1811.79,1792.57,1821.79,1789.5,38401,7723747072.0
2021-05-06,1785.79,1744.79,1792.63,1738.79,53546,10584968960.0
2021-05-07,1750.79,1688.79,1753.77,1686.79,52493,10101703424.0
2021-05-10,1685.79,1664.82,1694.79,1651.8,46003,8677753600.0
2021-05-11,1661.79,1744.79,1751.79,1659.09,42494,8209251840.0
2021-05-12,1734.87,1769.79,1784.79,1734.79,32699,6473203200.0
2021-05-13,1751.54,1757.29,1770.84,1738.79,25078,4934955008.0
2021-05-14,1767.79,1795.64,1816.29,1761.79,35611,7150301952.0
2021-05-17,1810.89,1843.75,1870.99,1810.89,44524,9178510080.0
2021-05-18,1850.79,1845.1,1862.79,1830.85,17504,3595891744.0
2021-05-19,1844.79,1834.79,1860.6,1825.79,22410,4606452480.0
2021-05-20,1859.79,1844.67,1859.89,1831.15,21857,4500663296.0
2021-05-21,1840.87,1827.89,1865.67,1822.81,24248,4976601344.0
2021-05-24,1836.79,1857.08,1865.85,1816.79,32548,6705879296.0
2021-05-25,1870.79,1980.29,1985.89,1870.79,67757,14636718848.0
2021-05-26,1993.77,2005.79,2027.59,1978.87,38604,8558038272.0
2021-05-27,1996.81,2030.79,2105.79,1986.89,45373,10240368896.0
2021-05-28,2026.76,2015.79,2035.79,1991.3,25807,5741331968.0
2021-05-31,2001.29,2003.79,2004.14,1957.79,31739,6960864256.0
2021-06-01,2007.79,2026.74,2034.74,1991.79,30616,6832594432.0
2021-06-02,2035.79,2007.79,2049.79,1993.97,22863,5088908288.0
2021-06-03,2005.79,2008.01,2046.13,1995.87,23450,5242452992.0
2021-06-04,2000.79,2037.29,2073.79,1999.83,31422,7058715136.0
2021-06-07,2050.79,2056.79,2064.79,2025.8,25466,5756592640.0
2021-06-08,2045.79,1976.79,2065.78,1946.94,47314,10479943168.0
2021-06-09,1977.79,1985.29,1999.79,1945.9,25502,5591378944.0
2021-06-10,1980.79,2024.27,2037.16,1975.87,25567,5707338496.0
2021-06-11,2024.79,1964.6,2029.79,1964.6,33971,7513797120.0
2021-06-15,1980.89,1978.79,1994.67,1933.79,29361,6412821504.0
2021-06-16,1977.79,1943.79,1980.79,1933.79,27593,5978924544.0
2021-06-17,1941.44,1942.7,1973.79,1930.15,21068,4558702592.0
2021-06-18,1932.79,1876.73,1942.29,1850.79,54028,11329180928.0
2021-06-21,1870.79,1867.43,1885.48,1835.79,35488,7367986432.0
2021-06-22,1877.79,1860.76,1883.79,1839.68,33228,6900830720.0
2021-06-23,1865.79,1823.79,1868.79,1819.94,37079,7596735744.0
2021-06-24,1825.8,1853.84,1865.79,1806.79,31474,6452557056.0
2021-06-25,1855.04,1897.08,1914.08,1847.68,35875,7459680512.0
2021-06-28,1905.08,1908.09,1923.08,1878.08,27452,5750241280.0
2021-06-29,1913.08,1867.08,1920.08,1856.08,33031,6835635200.0
2021-06-30,1870.08,1861.78,1879.08,1851.38,21916,4511484160.0
2021-07-01,1865.05,1910.08,1915.08,1836.68,33701,6970731008.0
2021-07-02,1880.08,1818.08,1880.08,1816.58,46275,9388640256.0
2021-07-05,1805.08,1799.08,1824.96,1790.08,34421,6872797696.0
2021-07-06,1800.08,1817.98,1819.08,1765.09,35283,7015883008.0
2021-07-07,1815.08,1809.08,1833.96,1804.09,28122,5658210816.0
2021-07-08,1805.18,1790.08,1809.08,1773.08,35517,7027713792.0
2021-07-09,1769.6,1777.19,1790.99,1750.08,30908,6072340992.0
2021-07-12,1780.63,1766.08,1803.86,1745.58,39010,7658786304.0
2021-07-13,1773.08,1787.98,1810.58,1770.08,29925,5946287360.0
2021-07-14,1779.08,1767.08,1779.58,1750.08,30771,6011814912.0
2021-07-15,1760.1,1803.07,1818.08,1755.68,42190,8391506176.0
2021-07-16,1785.08,1760.98,1801.68,1755.08,35408,6958296832.0
2021-07-19,1760.97,1780.08,1791.08,1746.08,30052,5900348160.0
2021-07-20,1780.08,1785.08,1794.01,1766.49,23475,4639300864.0
2021-07-21,1794.08,1774.08,1811.08,1767.09,29780,5902656256.0
2021-07-22,1765.08,1745.09,1778.98,1744.04,39090,7619076864.0
2021-07-23,1742.9,1705.08,1742.9,1700.17,47585,9057761792.0
2021-07-26,1684.08,1609.19,1684.08,1585.08,98619,17894360832.0
2021-07-27,1608.08,1517.97,1615.08,1508.08,86577,15230805760.0
2021-07-28,1508.08,1573.98,1593.28,1487.2,85369,14792471040.0
2021-07-29,1615.09,1554.87,1628.08,1539.42,63864,11299569920.0
2021-07-30,1530.08,1484.07,1530.08,1462.84,77736,13109724928.0
2021-08-02,1469.08,1560.08,1561.06,1425.8,97401,16515259136.0
2021-08-03,1535.08,1554.38,1574.07,1493.88,54375,9447823360.0
2021-08-04,1539.14,1529.08,1565.08,1523.08,38175,6614683392.0
2021-08-05,1497.96,1504.08,1550.08,1481.44,48060,8177369856.0
2021-08-06,1494.08,1476.08,1499.09,1451.68,45686,7616109568.0
2021-08-09,1456.08,1498.88,1514.08,1455.08,47698,8028155392.0
2021-08-10,1505.08,1604.08,1607.96,1480.08,83285,14549496576.0
2021-08-11,1585.09,1555.58,1590.09,1555.09,38663,6821292800.0
2021-08-12,1537.08,1495.08,1554.08,1491.27,47551,8130692608.0
2021-08-13,1495.08,1505.12,1518.08,1484.08,37905,6418412544.0
2021-08-16,1501.08,1504.28,1518.68,1490.16,28057,4773049856.0
2021-08-17,1505.08,1440.08,1505.08,1433.96,61201,10140292096.0
2021-08-18,1429.74,1425.08,1448.07,1405.08,59970,9701556224.0
2021-08-19,1427.3,1425.05,1448.28,1405.08,41292,6682355712.0
2021-08-20,1360.25,1353.08,1402.63,1330.58,114545,17825198336.0
2021-08-23,1342.96,1375.27,1404.08,1341.85,71597,11218832896.0
2021-08-24,1380.08,1430.26,1447.63,1370.85,72594,11703813888.0
2021-08-25,1452.72,1470.1,1485.95,1448.08,54239,9037626368.0
2021-08-26,1470.07,1400.08,1470.07,1399.8,54020,8722233088.0
2021-08-27,1394.08,1401.11,1430.08,1389.18,36095,5791426304.0
2021-08-30,1410.08,1391.08,1418.08,1351.03,51588,8098190336.0
2021-08-31,1394.88,1363.08,1421.43,1360.18,43677,6888080896.0
2021-09-01,1364.08,1427.09,1440.07,1336.18,77316,12370243328.0
2021-09-02,1438.07,1423.88,1448.08,1405.97,42837,6939707392.0
2021-09-03,1415.1,1463.3,1464.87,1387.08,52835,8631165696.0
2021-09-06,1454.08,1475.75,1513.24,1431.23,55338,9306030592.0
2021-09-07,1466.11,1474.08,1489.56,1456.08,31211,5204051712.0
2021-09-08,1465.08,1438.18,1476.26,1433.16,33064,5428265728.0
2021-09-09,1431.08,1439.16,1450.08,1429.09,19950,3257785760.0
2021-09-10,1439.16,1467.66,1473.88,1438.08,33388,5528034048.0
2021-09-13,1470.08,1459.08,1489.08,1445.18,27720,4605031680.0
2021-09-14,1464.08,1462.08,1488.08,1458.08,33761,5638962688.0
2021-09-15,1455.08,1420.82,1465.08,1415.08,41570,6781755392.0
2021-09-16,1408.08,1443.15,1449.08,1390.08,45968,7458455040.0
2021-09-17,1425.08,1491.08,1510.68,1425.08,55130,9242101504.0
2021-09-22,1463.91,1442.77,1493.08,1440.08,31743,5227723008.0
2021-09-23,1443.08,1440.08,1460.96,1430.16,30342,4964210176.0
2021-09-24,1433.08,1499.08,1525.06,1433.08,69537,11756596224.0
2021-09-27,1555.08,1660.08,1668.48,1555.08,126869,23270689792.0
2021-09-28,1653.08,1627.14,1665.08,1600.08,49221,8973408768.0
2021-09-29,1614.08,1625.08,1650.09,1590.98,43291,7870151680.0
2021-09-30,1623.26,1635.08,1655.3,1608.48,40539,7411735808.0
2021-10-08,1627.5,1644.68,1683.08,1612.31,47452,8780381184.0
2021-10-11,1644.59,1672.2,1694.98,1636.09,37676,7040475392.0
2021-10-12,1671.08,1676.07,1682.08,1647.5,30606,5688160768.0
2021-10-13,1675.08,1734.98,1755.03,1667.08,50143,9625769216.0
2021-10-14,1734.01,1716.08,1746.88,1701.08,26623,5097602304.0
2021-10-15,1695.18,1722.05,1735.07,1695.18,28561,5452953856.0
2021-10-18,1693.08,1605.08,1693.08,1592.08,69652,12651498496.0
2021-10-19,1605.08,1617.26,1643.88,1604.96,40315,7330114048.0
2021-10-20,1638.08,1646.08,1654.88,1611.09,28663,5246404608.0
2021-10-21,1646.18,1649.08,1665.08,1634.08,23019,4238584288.0
2021-10-22,1660.08,1706.08,1726.09,1659.08,35963,6794850048.0
2021-10-25,1685.08,1678.11,1690.09,1663.08,32461,6076219904.0
2021-10-26,1669.11,1666.13,1684.07,1649.08,21130,3934223712.0
2021-10-27,1657.38,1624.08,1663.38,1605.18,34647,6302270976.0
2021-10-28,1630.28,1630.57,1648.86,1607.08,29491,5383196160.0
2021-10-29,1630.08,1631.16,1653.08,1618.08,28776,5266898944.0
2021-11-01,1585.08,1608.08,1631.38,1565.08,41690,7486936320.0
2021-11-02,1601.78,1609.72,1649.3,1593.08,32500,5875341312.0
2021-11-03,1605.08,1570.08,1615.06,1566.27,27829,4958314496.0
2021-11-04,1583.02,1609.28,1621.08,1574.5,31130,5592211712.0
2021-11-05,1609.29,1625.02,1650.07,1609.29,27077,4956331264.0
2021-11-08,1625.08,1625.18,1635.88,1607.13,17706,3220439328.0
2021-11-09,1625.06,1595.09,1632.95,1587.08,27352,4915170048.0
2021-11-10,1595.09,1559.07,1600.08,1540.08,35349,6204803328.0
2021-11-11,1558.01,1574.68,1574.68,1546.58,22652,3987243280.0
2021-11-12,1583.08,1578.86,1590.13,1571.74,17607,3124400976.0
2021-11-15,1578.76,1566.22,1589.08,1555.08,24947,4410975488.0
2021-11-16,1573.08,1613.08,1623.08,1570.08,33526,6033536256.0
2021-11-17,1610.08,1600.08,1625.58,1595.09,24505,4411450880.0
2021-11-18,1586.3,1597.08,1612.08,1575.08,19521,3485674960.0
2021-11-19,1599.27,1633.49,1654.08,1593.28,31156,5699883776.0
2021-11-22,1654.08,1659.35,1714.08,1653.08,42573,7994018304.0
2021-11-23,1657.08,1701.51,1722.08,1657.08,45782,8676297728.0
2021-11-24,1705.08,1746.08,1771.08,1702.08,54512,10555736832.0
2021-11-25,1758.08,1761.11,1791.28,1751.33,39753,7803035392.0
2021-11-26,1769.91,1746.09,1772.08,1730.08,32656,6337346304.0
2021-11-29,1765.08,1790.08,1795.08,1756.16,42399,8372476160.0
2021-11-30,1790.48,1735.85,1794.98,1732.58,36925,7192172544.0
2021-12-01,1755.08,1738.07,1765.03,1724.1,26254,5071457024.0
2021-12-02,1745.08,1739.08,1747.23,1724.68,20422,3939731536.0
2021-12-03,1737.08,1776.96,1793.7,1736.13,35818,7045848064.0
2021-12-06,1788.08,1772.38,1795.08,1755.08,31064,6122543872.0
2021-12-07,1785.82,1760.95,1792.95,1751.81,36980,7286659584.0
2021-12-08,1769.96,1848.08,1850.08,1755.08,61048,12285102080.0
2021-12-09,1860.02,1891.63,1922.0,1850.08,64239,13404724480.0
2021-12-10,1865.08,1895.08,1900.86,1861.08,43148,8944582400.0
2021-12-13,1959.08,1923.28,1985.08,1923.08,65807,14139012352.0
2021-12-14,1923.28,1955.08,1972.98,1905.08,40449,8673733632.0
2021-12-15,1947.23,1940.08,1970.03,1930.1,30078,6444715008.0
2021-12-16,1920.08,1924.07,1949.13,1891.31,37211,7865499392.0
2021-12-17,1905.58,1855.78,1913.08,1841.08,48403,9988869888.0
2021-12-20,1855.78,1864.04,1890.74,1846.08,32258,6654596608.0
2021-12-21,1850.08,1843.28,1874.21,1817.91,26286,5354186496.0
2021-12-22,1845.08,1853.08,1868.08,1845.08,17431,3570928368.0
2021-12-23,1858.08,1925.08,1925.08,1830.08,39099,8126298112.0
2021-12-24,1953.96,1999.17,2022.04,1953.96,56130,12295953408.0
2021-12-27,1973.08,1936.9,1973.08,1917.08,37556,8020677632.0
2021-12-28,1938.08,1943.26,1960.58,1921.68,27651,5901940736.0
2021-12-29,1955.08,1846.08,1959.33,1846.08,54049,11195625216.0
2021-12-30,1846.08,1880.08,1894.06,1833.08,35261,7272866560.0
2021-12-31,1875.08,1855.08,1878.06,1833.08,29665,6061415424.0
2022-01-04,1860.08,1856.31,1874.03,1819.08,33843,6913653248.0
2022-01-05,1850.08,1829.08,1870.08,1823.08,28396,5774992128.0
2022-01-06,1827.09,1787.3,1841.08,1743.59,51795,10226933760.0
2022-01-07,1780.08,1747.08,1793.96,1744.4,29817,5831695360.0
2022-01-10,1733.09,1771.08,1782.08,1722.63,29627,5792738048.0
2022-01-11,1753.08,1745.63,1770.08,1736.25,22277,4332180736.0
2022-01-12,1753.08,1772.08,1783.88,1753.08,27474,5384359680.0
2022-01-13,1769.9,1682.47,1773.07,1670.64,56747,10781720576.0
2022-01-14,1682.47,1672.08,1698.08,1668.08,29322,5506185984.0
2022-01-17,1673.08,1666.69,1683.38,1640.42,27354,5074077696.0
2022-01-18,1666.76,1697.35,1713.93,1657.08,31216,5906705920.0
2022-01-19,1724.08,1717.08,1724.08,1693.96,26371,5026993408.0
2022-01-20,1721.08,1774.6,1785.07,1721.08,34014,6665294848.0
2022-01-21,1765.08,1790.07,1798.57,1756.09,30813,6091427584.0
2022-01-24,1760.08,1755.28,1789.08,1736.52,23986,4685441792.0
2022-01-25,1748.08,1748.08,1771.08,1736.08,25510,4971078400.0
2022-01-26,1747.12,1760.08,1774.08,1724.08,23905,4655706624.0
2022-01-27,1806.09,1770.08,1815.9,1757.08,42665,8450329088.0
2022-01-28,1760.08,1692.08,1773.08,1685.09,41020,7889492992.0
2022-02-07,1706.07,1673.04,1718.64,1655.08,35150,6601799680.0
2022-02-08,1673.96,1644.08,1677.95,1595.08,41713,7585130496.0
2022-02-09,1644.17,1701.06,1713.08,1632.05,33885,6346699776.0
2022-02-10,1705.08,1678.08,1710.98,1662.47,23032,4315456768.0
2022-02-11,1662.08,1655.05,1705.87,1646.08,33746,6296909568.0
2022-02-14,1645.08,1673.75,1682.08,1642.39,20196,3762313344.0
2022-02-15,1673.88,1695.7,1716.08,1664.08,27106,5131842048.0
2022-02-16,1705.08,1697.63,1712.08,1693.08,14587,2769034320.0
2022-02-17,1705.69,1692.07,1716.56,1686.08,18214,3450265040.0
2022-02-18,1682.71,1712.08,1713.06,1670.74,19385,3670339744.0
2022-02-21,1705.08,1682.07,1711.98,1674.03,20816,3920377360.0
2022-02-22,1665.09,1612.95,1666.08,1605.1,52299,9473992704.0
2022-02-23,1616.49,1632.09,1639.08,1605.16,28112,5118197760.0
2022-02-24,1613.08,1569.19,1619.07,1553.18,65359,11578557184.0
2022-02-25,1580.08,1604.14,1613.36,1580.08,38979,6999524096.0
2022-02-28,1592.14,1595.48,1602.08,1572.08,28923,5158148352.0
2022-03-01,1607.08,1663.56,1668.65,1607.08,47379,8721229312.0
2022-03-02,1645.08,1649.96,1656.07,1630.08,20074,3690612336.0
2022-03-03,1650.88,1605.08,1655.33,1599.08,31547,5703580672.0
2022-03-04,1577.08,1585.58,1597.97,1560.18,31047,5509157632.0
2022-03-07,1565.28,1512.08,1573.08,1508.88,49156,8487507456.0
2022-03-08,1565.06,1558.28,1591.74,1537.08,57215,10087484416.0
2022-03-09,1569.18,1584.26,1610.08,1526.19,56434,10018589952.0
2022-03-10,1613.08,1599.51,1626.08,1596.08,36462,6587438848.0
2022-03-11,1571.08,1574.09,1582.08,1523.16,47727,8335618304.0
2022-03-14,1535.08,1505.08,1555.08,1505.08,49007,8416841984.0
2022-03-15,1455.08,1408.08,1490.08,1408.08,89056,14567142656.0
2022-03-16,1439.08,1480.03,1488.98,1398.08,77593,12753010176.0
2022-03-17,1525.08,1525.23,1560.08,1516.74,68352,11843531776.0
2022-03-18,1523.08,1512.87,1550.08,1497.36,38349,6564085504.0
2022-03-21,1529.08,1509.38,1530.73,1500.09,27877,4763083264.0
2022-03-22,1528.96,1500.08,1528.96,1491.41,21054,3578291200.0
2022-03-23,1510.08,1557.27,1575.08,1502.08,58067,10096341504.0
2022-03-24,1543.08,1526.01,1545.08,1522.43,25815,4457504512.0
2022-03-25,1517.08,1495.08,1539.08,1490.08,29709,5054831360.0
2022-03-28,1430.08,1465.88,1469.88,1409.08,57542,9392007936.0
2022-03-29,1466.58,1472.08,1496.58,1466.58,25935,4343365376.0
2022-03-30,1503.08,1535.18,1535.18,1500.08,42433,7276379136.0
2022-03-31,1525.08,1524.08,1543.68,1513.88,25174,4338022912.0
2022-04-01,1535.02,1585.09,1598.08,1526.77,44862,7936957184.0
2022-04-06,1558.08,1570.08,1593.81,1558.08,27820,4910792448.0
2022-04-07,1563.08,1570.08,1590.08,1555.18,20196,3568182336.0
2022-04-08,1573.08,1589.08,1593.78,1571.62,22941,4081618544.0
2022-04-11,1575.08,1525.08,1575.08,1511.11,43864,7568782592.0
2022-04-12,1534.08,1587.08,1593.05,1513.08,41630,7284546304.0
2022-04-13,1572.08,1574.08,1600.08,1556.16,31148,5534915840.0
2022-04-14,1593.08,1614.08,1640.98,1585.28,37650,6834657280.0
2022-04-15,1607.28,1611.07,1623.08,1600.97,21041,3800797632.0
2022-04-18,1586.21,1595.9,1603.08,1573.08,19793,3525102976.0
2022-04-19,1605.08,1595.38,1638.07,1580.58,24205,4359852032.0
2022-04-20,1606.77,1602.08,1625.08,1573.76,24156,4342043392.0
2022-04-21,1595.28,1585.06,1611.08,1575.08,28953,5160787968.0
2022-04-22,1568.08,1578.08,1592.96,1565.26,27900,4955360768.0
2022-04-25,1555.08,1513.08,1581.58,1507.08,53658,9352986880.0
2022-04-26,1508.41,1537.56,1554.06,1505.08,44564,7692845312.0
2022-04-27,1572.2,1600.0,1615.08,1572.2,57402,10289893120.0
2022-04-28,1598.08,1640.08,1650.08,1591.58,44010,8038681856.0
2022-04-29,1641.08,1633.46,1654.08,1616.06,34885,6384066560.0
2022-05-05,1635.08,1642.08,1675.08,1634.06,33661,6235017472.0
2022-05-06,1620.07,1598.08,1624.08,1586.08,28596,5138176768.0
2022-05-09,1585.08,1557.08,1585.08,1543.08,30352,5324616192.0
2022-05-10,1525.08,1571.27,1590.04,1510.09,40119,7018451200.0
2022-05-11,1560.08,1573.08,1593.56,1557.08,30313,5372950016.0
2022-05-12,1558.08,1567.75,1583.08,1555.08,22038,3888480080.0
2022-05-13,1585.08,1583.32,1603.02,1571.08,20731,3690141232.0
2022-05-16,1602.08,1563.08,1602.08,1547.75,27765,4881208576.0
2022-05-17,1574.96,1573.08,1580.08,1560.08,20145,3557048800.0
2022-05-18,1578.74,1566.08,1579.0,1548.1,24850,4362487040.0
2022-05-19,1550.08,1561.08,1562.08,1544.08,19776,3459059184.0
2022-05-20,1565.07,1605.09,1606.23,1557.08,41950,7493460224.0
2022-05-23,1605.08,1586.08,1608.97,1577.08,22157,3950856592.0
2022-05-24,1591.08,1565.08,1592.08,1560.58,27342,4824599808.0
2022-05-25,1570.35,1560.59,1577.08,1552.08,22389,3929477104.0
2022-05-26,1566.08,1547.88,1566.08,1535.08,28053,4888109312.0
2022-05-27,1565.07,1560.24,1585.08,1558.09,25120,4436904960.0
2022-05-30,1571.08,1583.49,1595.63,1571.08,34466,6135631360.0
2022-05-31,1579.85,1609.11,1619.98,1572.06,40751,7329201152.0
2022-06-01,1607.08,1593.33,1619.86,1584.08,21760,3897858992.0
2022-06-02,1593.05,1591.08,1600.88,1585.08,16915,3019718032.0
2022-06-06,1595.08,1593.08,1600.08,1563.08,36741,6535329280.0
2022-06-07,1589.22,1622.98,1630.08,1575.39,35049,6356030976.0
2022-06-08,1630.08,1670.68,1687.08,1630.08,44354,8236953856.0
2022-06-09,1677.08,1658.08,1693.43,1654.08,26329,4897066752.0
2022-06-10,1650.09,1705.68,1712.08,1640.08,47345,8882462720.0
2022-06-13,1695.08,1661.08,1697.08,1653.16,36755,6847248896.0
2022-06-14,1639.08,1676.08,1680.5,1637.08,29416,5467949312.0
2022-06-15,1675.08,1680.18,1710.08,1668.07,33664,6354868992.0
2022-06-16,1699.67,1682.08,1712.71,1680.41,26887,5087605504.0
2022-06-17,1683.17,1756.08,1757.08,1683.17,50542,9749530880.0
2022-06-20,1755.08,1747.1,1775.08,1735.08,34975,6802792448.0
2022-06-21,1754.08,1750.82,1772.07,1733.08,23717,4617805056.0
2022-06-22,1760.08,1741.08,1763.08,1737.08,19647,3813775296.0
2022-06-23,1747.78,1762.18,1770.12,1745.08,26844,5239860480.0
2022-06-24,1775.08,1814.09,1825.08,1770.08,39635,7921199872.0
2022-06-27,1825.02,1815.63,1855.02,1805.38,40115,8124449024.0
2022-06-28,1824.82,1841.08,1846.08,1806.08,25246,5112298752.0
2022-06-29,1833.08,1835.08,1847.08,1816.09,30360,6142508544.0
2022-06-30,1826.76,1871.76,1903.76,1826.75,38982,7984019456.0
2022-07-01,1881.76,1855.81,1894.53,1841.97,21596,4385555200.0
2022-07-04,1846.77,1844.76,1851.05,1827.77,25076,5042804224.0
2022-07-05,1852.04,1859.77,1881.21,1836.76,26329,5345189888.0
2022-07-06,1858.76,1828.76,1865.76,1812.76,32752,6566374912.0
2022-07-07,1831.76,1816.76,1836.11,1811.77,20932,4179088240.0
2022-07-08,1831.76,1825.76,1841.65,1822.92,15644,3134903456.0
2022-07-11,1816.96,1790.36,1821.53,1777.26,23949,4709248256.0
2022-07-12,1791.76,1775.17,1799.56,1756.82,23447,4562731381.0
2022-07-13,1771.76,1785.65,1798.76,1767.43,19854,3893406034.0
2022-07-14,1786.76,1779.76,1803.56,1767.76,20527,4014985518.0
2022-07-15,1771.87,1776.26,1826.44,1771.27,33416,6588730699.0
2022-07-18,1779.12,1778.42,1785.76,1748.76,24221,4701936868.0
2022-07-19,1771.76,1769.86,1778.41,1752.76,21956,4250852886.0
2022-07-20,1785.51,1776.86,1796.76,1771.76,18705,3659970961.0
2022-07-21,1769.86,1765.76,1782.66,1761.27,14061,2735503093.0
2022-07-22,1775.98,1773.76,1788.76,1761.76,25114,4894378605.0
2022-07-25,1776.27,1771.41,1779.06,1757.76,16912,3285451347.0
2022-07-26,1779.75,1776.97,1791.73,1773.78,20685,4041100077.0
2022-07-27,1768.76,1746.36,1774.76,1743.76,21490,4149807166.0
2022-07-28,1747.86,1724.76,1764.76,1719.42,34870,6669448409.0
2022-07-29,1721.86,1725.2,1745.75,1704.86,37032,7028415881.0
2022-08-01,1716.77,1717.06,1734.76,1707.94,21037,3988198590.0
2022-08-02,1706.76,1706.74,1714.74,1684.77,28221,5284516568.0
2022-08-03,1716.75,1711.76,1730.76,1703.76,24598,4642442196.0
2022-08-04,1716.76,1742.77,1749.86,1706.89,30357,5797110733.0
2022-08-05,1754.56,1750.72,1761.76,1731.66,20086,3857406327.0
2022-08-08,1741.91,1738.29,1759.64,1734.27,16799,3220702892.0
2022-08-09,1738.29,1736.76,1745.75,1731.76,13875,2651800008.0
2022-08-10,1736.74,1702.76,1744.76,1691.34,27927,5259452686.0
2022-08-11,1712.76,1733.66,1733.76,1704.77,26061,4940834195.0
2022-08-12,1733.66,1754.76,1756.76,1726.76,20260,3882570566.0
2022-08-15,1747.22,1746.65,1766.26,1742.31,19323,3717178491.0
2022-08-16,1750.7,1744.6,1760.55,1742.76,14836,2854189586.0
2022-08-17,1756.76,1744.76,1756.76,1721.76,18361,3508295541.0
2022-08-18,1734.76,1722.26,1739.84,1707.83,23168,4384060205.0
2022-08-19,1724.76,1721.77,1735.11,1714.76,13544,2572000762.0
2022-08-22,1711.77,1720.74,1733.76,1708.14,15427,2925285473.0
2022-08-23,1725.36,1696.77,1725.36,1693.76,23756,4452538978.0
2022-08-24,1696.75,1680.96,1701.99,1677.76,18728,3486382969.0
2022-08-25,1685.76,1711.76,1714.76,1680.96,21925,4107597895.0
2022-08-26,1726.76,1724.76,1738.76,1712.76,23142,4397161135.0
2022-08-29,1709.76,1705.58,1726.73,1700.76,13570,2555981192.0
2022-08-30,1709.11,1696.76,1711.76,1680.96,18235,3400091358.0
2022-08-31,1686.86,1750.76,1752.32,1686.77,44692,8518225337.0
2022-09-01,1738.91,1707.65,1742.76,1707.65,26845,5088658955.0
2022-09-02,1716.7,1701.76,1719.72,1692.93,19391,3635162804.0
2022-09-05,1689.4,1661.76,1695.76,1646.76,36822,6764549173.0
2022-09-06,1662.12,1671.76,1674.96,1651.76,20830,3832086313.0
2022-09-07,1661.79,1644.77,1664.42,1637.77,28306,5151537330.0
2022-09-08,1646.76,1641.76,1658.76,1641.76,16591,3026766448.0
2022-09-09,1651.76,1671.55,1678.76,1642.76,27090,4991679523.0
2022-09-13,1706.76,1705.76,1715.14,1684.99,28693,5387987148.0
2022-09-14,1690.77,1695.76,1706.76,1689.76,16042,3002693247.0
2022-09-15,1696.76,1706.76,1719.88,1696.72,20810,3917954256.0
2022-09-16,1698.56,1685.76,1712.36,1681.87,24121,4501527357.0
2022-09-19,1681.76,1698.4,1715.35,1679.64,18584,3479680771.0
2022-09-20,1696.74,1704.76,1711.36,1685.31,14116,2645281859.0
2022-09-21,1703.43,1674.76,1709.76,1674.76,20995,3904096421.0
2022-09-22,1666.76,1647.57,1667.78,1643.61,22704,4147900996.0
2022-09-23,1647.57,1661.19,1681.76,1647.57,28288,5191904760.0
2022-09-26,1646.76,1689.76,1714.76,1646.74,35135,6566771227.0
2022-09-27,1695.62,1714.76,1723.76,1677.87,28820,5422668135.0
2022-09-28,1707.26,1709.76,1726.16,1700.77,21446,4042506330.0
2022-09-29,1724.74,1707.11,1728.94,1697.89,21590,4075515187.0
2022-09-30,1725.38,1699.26,1728.75,1692.76,21289,4000917951.0
2022-10-10,1716.76,1612.76,1717.76,1606.96,48584,8865386496.0
2022-10-11,1615.76,1606.75,1632.76,1586.76,32047,5712249507.0
2022-10-12,1600.42,1586.76,1605.76,1534.76,48195,8372252823.0
2022-10-13,1547.22,1526.75,1561.76,1523.76,63969,10919727537.0
2022-10-14,1536.76,1564.37,1581.76,1528.7,46520,8045032623.0
2022-10-17,1552.76,1545.26,1554.75,1524.56,33550,5740146639.0
2022-10-18,1551.76,1532.59,1556.76,1527.76,28083,4800689502.0
2022-10-19,1528.74,1474.76,1528.74,1474.76,60121,9997656284.0
2022-10-20,1447.76,1470.26,1495.19,1437.76,42778,7020555512.0
2022-10-21,1466.76,1450.76,1474.56,1436.76,38907,6317945876.0
2022-10-24,1396.76,1328.04,1415.76,1314.77,132098,20217576174.0
2022-10-25,1306.18,1306.51,1341.76,1298.76,81362,12136909034.0
2022-10-26,1315.56,1290.84,1341.75,1286.76,81781,12120993864.0
2022-10-27,1306.76,1227.76,1314.74,1210.61,107106,15258551283.0
2022-10-28,1217.53,1186.76,1232.76,1185.47,93143,12823821843.0
2022-10-31,1176.76,1176.76,1208.77,1159.76,71847,9758303071.0
2022-11-01,1185.76,1288.77,1296.16,1185.76,118766,16859775304.0
2022-11-02,1286.76,1298.72,1332.76,1262.76,79777,11717204099.0
2022-11-03,1270.33,1266.26,1289.26,1254.86,45160,6509550787.0
2022-11-04,1264.72,1343.33,1354.53,1264.72,80008,11996968945.0
2022-11-07,1320.81,1333.87,1345.24,1313.35,42698,6414049133.0
2022-11-08,1334.76,1311.64,1344.75,1295.72,39325,5842320995.0
2022-11-09,1310.71,1286.66,1315.64,1276.76,36090,5276777530.0
2022-11-10,1270.76,1301.76,1311.76,1261.91,37720,5518325849.0
2022-11-11,1354.76,1354.91,1371.21,1321.74,73947,11252112275.0
2022-11-14,1370.26,1359.76,1390.29,1354.76,57370,8858049581.0
2022-11-15,1358.76,1414.76,1425.73,1347.76,56318,8858377894.0
2022-11-16,1407.76,1412.01,1424.76,1394.76,26848,4250886805.0
2022-11-17,1417.26,1393.76,1423.06,1379.64,30580,4793001162.0
2022-11-18,1402.76,1393.89,1410.76,1382.76,23609,3703793426.0
2022-11-21,1368.11,1346.74,1368.11,1325.29,39096,5917086070.0
2022-11-22,1344.2,1366.71,1386.5,1342.87,29901,4582790131.0
2022-11-23,1354.76,1375.76,1383.76,1347.8,22177,3428793052.0
2022-11-24,1385.76,1346.75,1395.64,1340.74,27687,4241974248.0
2022-11-25,1347.27,1348.77,1358.76,1336.76,18621,2833988373.0
2022-11-28,1311.54,1336.64,1341.76,1277.76,47723,7040991068.0
2022-11-29,1396.32,1425.76,1426.76,1377.76,73420,11587859176.0
2022-11-30,1413.88,1425.76,1430.76,1411.76,31497,5019450678.0
2022-12-01,1486.76,1457.56,1506.76,1457.55,51358,8480772923.0
2022-12-02,1461.76,1460.64,1479.75,1447.96,23884,3910860618.0
2022-12-05,1494.76,1491.66,1505.76,1475.76,36127,6018521304.0
2022-12-06,1481.76,1514.76,1553.66,1478.76,44147,7477917194.0
2022-12-07,1504.57,1510.76,1546.76,1496.79,35526,6012253045.0
2022-12-08,1508.76,1513.78,1521.76,1491.76,19730,3323420877.0
2022-12-09,1518.76,1556.76,1556.76,1508.76,39215,6716944493.0
2022-12-12,1542.62,1565.78,1592.76,1541.76,34755,6063957619.0
2022-12-13,1563.76,1576.76,1587.45,1556.76,21385,3735089152.0
2022-12-14,1569.76,1597.63,1607.56,1569.76,29098,5141262368.0
2022-12-15,1631.76,1613.75,1642.76,1606.76,30634,5497063390.0
2022-12-16,1600.01,1613.63,1617.76,1569.76,33303,5901587128.0
2022-12-19,1625.56,1599.76,1625.56,1586.93,24987,4447236356.0
2022-12-20,1592.09,1541.76,1592.09,1509.21,46198,7944120661.0
2022-12-21,1550.76,1565.76,1565.76,1544.41,22816,3948926227.0
2022-12-22,1583.46,1594.76,1609.76,1571.76,23175,4093861570.0
2022-12-23,1579.16,1597.76,1608.76,1571.76,17319,3063608409.0
2022-12-26,1597.76,1568.82,1597.76,1561.78,21384,3749121030.0
2022-12-27,1586.67,1581.67,1595.82,1574.17,17905,3109270166.0
2022-12-28,1594.55,1581.67,1595.67,1556.68,21438,3699948995.0
2022-12-29,1565.67,1567.67,1575.66,1549.72,22418,3844499655.0
2022-12-30,1584.67,1575.67,1601.66,1575.67,25333,4409544297.0
2023-01-03,1579.87,1578.68,1587.1,1554.68,26034,4487760231.0
2023-01-04,1578.67,1573.68,1587.37,1564.67,20416,3523582306.0
2023-01-05,1585.67,1649.67,1649.67,1581.67,47943,8541587089.0
2023-01-06,1654.79,1652.44,1660.57,1635.67,24904,4480838898.0
2023-01-09,1683.67,1689.87,1698.65,1656.49,30977,5684181147.0
2023-01-10,1687.73,1703.12,1713.17,1679.17,22732,4204783734.0
2023-01-11,1704.67,1693.62,1708.67,1685.51,22720,4201487773.0
2023-01-12,1696.67,1682.67,1704.67,1681.67,17193,3162637136.0
2023-01-13,1692.85,1735.67,1736.67,1688.67,31940,5969876222.0
2023-01-16,1734.67,1761.57,1783.67,1729.67,36848,7059982640.0
2023-01-17,1761.83,1756.67,1771.67,1743.67,21299,4068321409.0
2023-01-18,1762.67,1741.67,1773.97,1738.67,21063,4008665438.0
2023-01-19,1741.17,1728.88,1741.19,1714.67,23439,4401994437.0
2023-01-20,1737.86,1708.68,1746.92,1706.67,25609,4807356071.0
2023-01-30,1757.67,1736.67,1757.67,1728.67,35923,6799756571.0
2023-01-31,1745.17,1694.43,1748.62,1681.74,32991,6128311548.0
2023-02-01,1703.65,1693.64,1707.67,1660.07,33974,6244678925.0
2023-02-02,1697.05,1684.78,1707.67,1674.67,29759,5465509510.0
2023-02-03,1668.67,1666.67,1674.67,1644.35,34945,6324635031.0
2023-02-06,1628.67,1643.67,1643.67,1608.67,42661,7595739044.0
2023-02-07,1656.75,1645.67,1657.47,1636.4,24322,4373671735.0
2023-02-08,1648.68,1632.67,1654.64,1623.67,16676,2980574806.0
2023-02-09,1626.67,1666.67,1678.42,1623.68,29754,5401399088.0
2023-02-10,1658.77,1658.67,1667.16,1649.72,17985,3253859317.0
2023-02-13,1658.67,1705.02,1723.17,1658.67,38147,7058382498.0
2023-02-14,1705.13,1692.46,1706.07,1683.67,19566,3601769574.0
2023-02-15,1692.45,1689.67,1703.97,1684.48,18177,3351422211.0
2023-02-16,1690.01,1710.49,1735.67,1676.67,33246,6196915130.0
2023-02-17,1698.83,1669.45,1721.67,1668.72,26443,4880328952.0
2023-02-20,1669.67,1723.67,1727.47,1665.87,29669,5488800056.0
2023-02-21,1722.67,1715.67,1722.67,1699.67,18751,3491633510.0
2023-02-22,1703.68,1684.67,1712.57,1680.47,21869,4031016045.0
2023-02-23,1688.67,1666.67,1697.47,1653.92,21881,3983991208.0
2023-02-24,1658.78,1636.67,1658.86,1630.85,24635,4415621498.0
2023-02-27,1627.17,1659.08,1663.67,1623.69,22065,3978128676.0
2023-02-28,1667.67,1662.41,1670.68,1631.97,23952,4314877096.0
2023-03-01,1661.67,1687.2,1696.67,1651.9,24458,4475592195.0
2023-03-02,1677.67,1676.67,1687.66,1669.77,13144,2405292304.0
2023-03-03,1688.44,1666.71,1690.28,1651.15,16198,2946842659.0
2023-03-06,1666.85,1655.81,1667.17,1645.44,20646,3730079522.0
2023-03-07,1654.65,1636.97,1665.27,1636.67,22785,4101302456.0
2023-03-08,1628.69,1619.09,1634.61,1609.79,22764,4035787172.0
2023-03-09,1616.67,1618.69,1633.67,1588.67,27612,4881442710.0
2023-03-10,1600.24,1598.67,1629.67,1598.67,21161,3725139075.0
2023-03-13,1599.67,1610.67,1623.67,1597.67,20560,3626476291.0
2023-03-14,1612.45,1614.67,1628.55,1587.17,23705,4177289027.0
2023-03-15,1627.04,1599.59,1633.55,1598.79,19213,3392698490.0
2023-03-16,1588.67,1600.66,1618.67,1587.68,17646,3096791142.0
2023-03-17,1618.67,1590.67,1624.56,1584.67,27023,4744249369.0
2023-03-20,1599.67,1578.27,1603.67,1576.67,20491,3557872017.0
2023-03-21,1583.67,1623.67,1634.52,1572.64,31142,5491052284.0
2023-03-22,1628.67,1622.02,1641.67,1614.22,15330,2727648674.0
2023-03-23,1614.67,1623.53,1639.78,1613.68,17356,3082821551.0
2023-03-24,1617.75,1627.29,1632.27,1614.67,12770,2269649179.0
2023-03-27,1627.27,1616.46,1627.27,1604.67,15296,2700755933.0
2023-03-28,1618.67,1630.47,1638.67,1613.69,17261,3073113077.0
2023-03-29,1647.67,1638.67,1648.67,1633.74,15393,2761909333.0
2023-03-30,1641.67,1648.67,1653.67,1627.67,19257,3453573052.0
2023-03-31,1673.67,1668.67,1696.67,1667.67,27446,5024790356.0
2023-04-03,1673.67,1650.74,1676.44,1648.75,21417,3875811673.0
2023-04-04,1660.67,1663.26,1663.84,1635.67,20066,3614275263.0
2023-04-06,1653.67,1645.63,1664.57,1636.89,14874,2676251956.0
2023-04-07,1643.67,1639.66,1654.68,1637.01,13525,2428160574.0
2023-04-10,1639.55,1620.37,1639.55,1592.67,29418,5171150567.0
2023-04-11,1641.67,1594.17,1641.67,1592.67,29209,5138854627.0
2023-04-12,1595.93,1542.77,1598.67,1541.49,51105,8732657376.0
2023-04-13,1538.67,1571.67,1572.26,1532.68,29543,5049310126.0
2023-04-14,1574.67,1562.09,1581.67,1553.47,21232,3646526766.0
2023-04-17,1588.67,1601.67,1601.67,1576.67,30467,5303401395.0
2023-04-18,1601.67,1606.67,1617.67,1594.69,18314,3220107647.0
2023-04-19,1610.67,1607.67,1614.17,1598.67,14601,2568632845.0
2023-04-20,1608.78,1590.55,1613.67,1577.67,19885,3468366835.0
2023-04-21,1594.67,1574.14,1596.75,1569.95,18518,3210937222.0
2023-04-24,1569.67,1553.67,1570.67,1549.67,20231,3456728718.0
2023-04-25,1554.67,1579.05,1584.65,1550.67,20583,3534989917.0
2023-04-26,1592.67,1592.58,1609.67,1568.67,27892,4861477657.0
2023-04-27,1596.67,1606.59,1618.67,1578.67,25605,4489906864.0
2023-04-28,1611.68,1609.19,1631.44,1602.64,26225,4636084177.0
2023-05-04,1617.67,1598.57,1626.34,1584.67,27466,4818999650.0
2023-05-05,1614.67,1598.67,1614.67,1585.06,20714,3621305973.0
2023-05-08,1616.99,1569.19,1617.67,1565.84,33171,5742915994.0
2023-05-09,1563.67,1570.67,1588.65,1555.74,29378,5057346564.0
2023-05-10,1563.86,1573.67,1584.67,1563.67,20773,3588550877.0
2023-05-11,1579.67,1565.74,1583.67,1563.67,15246,2623835905.0
2023-05-12,1563.67,1555.07,1578.55,1553.68,19460,3335038590.0
2023-05-15,1550.67,1564.97,1565.67,1539.87,25740,4384647977.0
2023-05-16,1562.66,1551.96,1568.66,1545.67,22224,3785811907.0
2023-05-17,1556.67,1549.67,1561.67,1547.68,16777,2858697942.0
2023-05-18,1553.66,1539.67,1554.07,1538.67,19219,3260170684.0
2023-05-19,1519.67,1548.17,1553.0,1504.22,26741,4504022549.0
2023-05-22,1538.68,1594.67,1600.67,1538.67,41284,7165754129.0
2023-05-23,1602.66,1573.22,1602.67,1573.22,16894,2934118394.0
2023-05-24,1581.0,1559.57,1582.22,1558.78,18479,3182416491.0
2023-05-25,1554.66,1549.67,1558.67,1538.67,22466,3814504093.0
2023-05-26,1550.67,1539.23,1553.67,1523.68,18291,3090691546.0
2023-05-29,1545.67,1537.67,1547.02,1526.67,17771,2998147159.0
2023-05-30,1537.67,1516.96,1547.56,1507.23,26453,4424706688.0
2023-05-31,1509.68,1477.57,1514.39,1475.34,36957,6053737281.0
2023-06-01,1466.67,1484.59,1523.66,1466.67,28645,4708722933.0
2023-06-02,1493.67,1519.27,1521.82,1484.78,25058,4163116244.0
2023-06-05,1514.83,1513.67,1531.55,1511.67,16201,2704294313.0
2023-06-06,1518.67,1515.66,1532.67,1500.22,19914,3326778183.0
2023-06-07,1521.66,1499.57,1527.47,1498.67,17890,2971782064.0
2023-06-08,1504.5,1516.67,1523.67,1498.68,14703,2441569677.0
2023-06-09,1520.66,1514.67,1526.64,1514.67,17580,2938014322.0
2023-06-12,1514.69,1544.67,1556.67,1510.19,27029,4562308599.0
2023-06-13,1542.55,1547.67,1553.28,1533.67,14663,2485398902.0
2023-06-14,1567.67,1575.55,1582.91,1554.88,31506,5438040356.0
2023-06-15,1579.01,1603.67,1604.32,1571.67,25223,4395900802.0
2023-06-16,1605.67,1646.36,1648.67,1598.77,37918,6742301361.0
2023-06-19,1638.67,1592.67,1646.62,1586.67,31700,5584248725.0
2023-06-20,1588.67,1592.13,1613.67,1583.67,20947,3659824529.0
2023-06-21,1588.67,1584.5,1605.27,1583.67,17721,3088635934.0
2023-06-26,1568.78,1557.67,1578.67,1543.67,23993,4098619510.0
2023-06-27,1558.66,1559.72,1568.37,1548.76,15174,2598138744.0
2023-06-28,1561.85,1577.05,1582.67,1559.67,18574,3199294221.0
2023-06-29,1579.67,1562.38,1583.66,1561.68,14231,2446524134.0
2023-06-30,1574.58,1565.58,1583.57,1561.06,20459,3472586730.0
2023-07-03,1573.58,1598.68,1599.86,1566.58,19139,3286737792.0
2023-07-04,1598.78,1605.18,1609.02,1592.66,12472,2155553635.0
2023-07-05,1604.58,1589.96,1606.55,1574.58,14745,2523960725.0
2023-07-06,1583.74,1577.56,1607.58,1574.58,15141,2589459002.0
2023-07-07,1575.58,1564.61,1583.57,1564.58,15167,2571458553.0
2023-07-10,1579.58,1575.48,1589.54,1574.58,13477,2298241728.0
2023-07-11,1584.58,1584.58,1589.75,1576.68,12583,2151079270.0
2023-07-12,1587.62,1588.38,1597.58,1585.91,13285,2280785351.0
2023-07-13,1596.57,1612.98,1619.99,1593.59,25807,4479772500.0
2023-07-14,1630.58,1627.58,1633.08,1615.78,18550,3245530255.0
2023-07-17,1625.58,1604.55,1625.58,1601.18,14336,2482069846.0
2023-07-18,1608.16,1597.38,1609.09,1595.58,14738,2544005063.0
2023-07-19,1589.59,1597.58,1602.58,1588.38,12483,2147704435.0
2023-07-20,1602.57,1598.58,1623.56,1596.58,16693,2897176490.0
2023-07-21,1606.46,1645.88,1647.08,1600.58,39377,6931535726.0
2023-07-24,1625.1,1645.73,1645.73,1625.1,19713,3476648177.0
2023-07-25,1674.58,1703.13,1703.46,1674.57,43086,7837450019.0
2023-07-26,1703.13,1703.13,1710.57,1689.66,19611,3580171484.0
2023-07-27,1710.58,1712.61,1729.37,1703.28,20340,3749635290.0
2023-07-28,1706.58,1771.58,1774.58,1702.59,39018,7330314112.0
2023-07-31,1782.58,1755.16,1809.58,1748.58,45379,8615279839.0
2023-08-01,1752.59,1763.58,1781.53,1752.47,19231,3635857283.0
2023-08-02,1757.98,1754.58,1764.58,1741.38,18509,3478674239.0
2023-08-03,1744.58,1753.05,1764.58,1725.08,21543,4031087705.0
2023-08-04,1762.4,1768.05,1781.1,1756.58,24574,4655813751.0
2023-08-07,1755.53,1762.51,1772.58,1745.61,23892,4491893140.0
2023-08-08,1754.61,1764.58,1768.29,1738.66,17736,3333559505.0
2023-08-09,1764.58,1764.86,1779.58,1757.54,18523,3506306394.0
2023-08-10,1756.58,1749.58,1763.58,1736.88,18436,3454219140.0
2023-08-11,1759.58,1708.58,1759.98,1708.46,26786,4959166751.0
2023-08-14,1684.58,1677.58,1699.56,1670.58,23731,4285362053.0
2023-08-15,1683.58,1687.56,1692.58,1675.59,14818,2682125119.0
2023-08-16,1682.16,1694.58,1697.93,1680.58,13184,2396261791.0
2023-08-17,1680.66,1702.63,1708.58,1676.13,17290,3141408018.0
2023-08-18,1706.57,1677.17,1709.57,1677.17,17023,3084761577.0
2023-08-21,1667.58,1665.58,1688.57,1664.65,18912,3405415645.0
2023-08-22,1675.57,1662.58,1677.14,1645.6,26650,4763131152.0
2023-08-23,1671.58,1648.58,1674.58,1644.66,19912,3556178584.0
2023-08-24,1654.2,1690.88,1702.58,1649.58,26055,4703417600.0
2023-08-25,1683.37,1699.56,1712.35,1680.59,18831,3433296756.0
2023-08-28,1773.16,1709.55,1773.16,1706.46,41052,7633221012.0
2023-08-29,1702.58,1725.91,1743.66,1702.58,28950,5371260173.0
2023-08-30,1742.48,1730.58,1742.58,1718.24,19812,3672570260.0
2023-08-31,1734.58,1721.58,1734.58,1715.59,14820,2738445519.0
2023-09-01,1727.41,1725.63,1740.05,1720.61,13145,2438622738.0
2023-09-04,1737.18,1740.58,1754.52,1728.11,23871,4453823216.0
2023-09-05,1742.58,1733.28,1742.58,1731.38,15659,2915625961.0
2023-09-06,1732.58,1735.58,1741.24,1723.59,11121,2067605990.0
2023-09-07,1727.18,1712.58,1731.47,1705.77,16982,3128587116.0
2023-09-08,1709.52,1693.08,1709.52,1689.53,12212,2224338144.0
2023-09-11,1682.58,1696.75,1714.58,1682.58,15926,2902617736.0
2023-09-12,1701.18,1694.54,1701.56,1690.6,12168,2214514112.0
2023-09-13,1704.5,1694.49,1704.5,1674.63,19501,3540583633.0
2023-09-14,1697.11,1693.27,1701.56,1680.58,17505,3180447848.0
2023-09-15,1693.58,1656.57,1694.36,1655.88,28431,5105749077.0
2023-09-18,1650.89,1703.78,1704.08,1647.58,32559,5905121000.0
2023-09-19,1696.78,1701.52,1703.58,1682.58,14990,2727858953.0
2023-09-20,1696.58,1698.58,1704.58,1692.63,12502,2281583949.0
2023-09-21,1692.59,1672.97,1696.58,1672.97,19489,3521486755.0
2023-09-22,1680.21,1723.58,1724.54,1666.99,34390,6287832575.0
2023-09-25,1722.08,1706.96,1722.58,1701.17,13979,2565773541.0
2023-09-26,1702.58,1690.58,1709.46,1687.68,15762,2870852363.0
2023-09-27,1689.58,1688.58,1708.08,1677.38,20880,3791876119.0
2023-09-28,1699.56,1673.13,1699.56,1672.38,20538,3704812960.0
2023-10-09,1671.52,1651.58,1671.52,1639.48,29763,5279950406.0
2023-10-10,1657.47,1644.58,1673.56,1642.58,20284,3615557182.0
2023-10-11,1659.23,1653.08,1659.23,1642.58,21945,3896568648.0
2023-10-12,1672.48,1660.58,1672.81,1651.78,14865,2657095942.0
2023-10-13,1645.46,1625.58,1652.59,1612.77,25028,4387687934.0
2023-10-16,1625.56,1604.48,1630.58,1597.03,20790,3603604610.0
2023-10-17,1613.58,1600.58,1614.02,1590.58,14945,2577312288.0
2023-10-18,1593.38,1602.58,1616.58,1591.76,20318,3511987514.0
2023-10-19,1574.58,1504.58,1574.61,1500.61,73492,12146921769.0
2023-10-20,1504.58,1519.58,1529.58,1490.83,45376,7421390806.0
2023-10-23,1504.55,1518.56,1534.58,1496.18,25234,4138279588.0
2023-10-24,1522.58,1517.53,1527.94,1495.79,29861,4894807617.0
2023-10-25,1544.69,1552.08,1572.58,1541.6,36179,6075417064.0
2023-10-26,1541.58,1546.81,1562.58,1536.59,22386,3741418874.0
2023-10-27,1538.58,1551.29,1566.46,1535.18,34262,5754795486.0
2023-10-30,1543.58,1555.58,1563.46,1543.58,24086,4050573178.0
2023-10-31,1554.58,1559.16,1564.58,1542.43,19859,3335804699.0
2023-11-01,1724.58,1655.57,1724.58,1648.37,93143,16747292689.0
2023-11-02,1669.58,1654.08,1669.58,1650.64,27908,4982090753.0
2023-11-03,1654.58,1685.82,1689.47,1648.58,30176,5433116881.0
2023-11-06,1694.58,1686.58,1698.37,1675.7,25524,4624102375.0
2023-11-07,1679.58,1665.75,1684.58,1658.66,19582,3511590028.0
2023-11-08,1658.63,1672.92,1678.38,1657.45,14546,2610041959.0
2023-11-09,1664.69,1668.69,1673.58,1657.58,12800,2291996819.0
2023-11-10,1655.13,1650.42,1662.58,1647.68,16466,2928380668.0
2023-11-13,1646.86,1638.58,1659.46,1631.56,18370,3244573621.0
2023-11-14,1638.58,1639.85,1649.57,1634.59,12817,2263963957.0
2023-11-15,1653.58,1647.51,1657.47,1641.58,18435,3271230275.0
2023-11-16,1648.58,1634.63,1650.58,1634.63,12558,2215937273.0
2023-11-17,1626.58,1628.0,1633.58,1612.48,21714,3793781119.0
2023-11-20,1629.58,1637.08,1644.08,1611.24,18608,3265514010.0
2023-11-21,1658.0,1664.58,1672.58,1644.68,30098,5383107810.0
2023-11-22,1657.88,1656.09,1668.93,1655.12,12665,2263460167.0
2023-11-23,1652.88,1660.58,1662.58,1645.58,11550,2055272193.0
2023-11-24,1663.58,1651.58,1663.58,1649.58,13085,2329345658.0
2023-11-27,1647.88,1637.58,1647.88,1629.58,16261,2865075217.0
2023-11-28,1635.58,1643.62,1648.46,1632.58,14520,2562905659.0
2023-11-29,1642.58,1649.29,1650.58,1632.58,17149,3034175614.0
2023-11-30,1651.3,1666.08,1669.34,1645.66,21353,3817513545.0
2023-12-01,1663.89,1634.86,1664.28,1622.58,33051,5830850111.0
2023-12-04,1634.86,1625.29,1636.41,1619.86,18440,3233102118.0
2023-12-05,1623.36,1583.58,1623.46,1582.6,29903,5168983317.0
2023-12-06,1577.21,1577.58,1594.05,1575.71,23851,4078003022.0
2023-12-07,1578.58,1574.58,1583.66,1561.88,25042,4249170906.0
2023-12-08,1574.58,1579.5,1583.42,1566.8,26288,4474160126.0
2023-12-11,1564.58,1572.58,1578.58,1531.58,36831,6172810248.0
2023-12-12,1562.18,1584.57,1584.57,1558.58,21011,3564305866.0
2023-12-13,1579.8,1534.58,1580.3,1531.66,38789,6480807500.0
2023-12-14,1540.54,1510.48,1544.45,1509.6,40672,6703240107.0
2023-12-15,1522.81,1519.58,1552.35,1518.59,37093,6140791726.0
2023-12-18,1514.58,1536.58,1537.91,1509.58,19897,3292194757.0
2023-12-19,1539.58,1549.58,1554.45,1519.67,22207,3706057587.0
2023-12-20,1551.68,1543.47,1553.68,1536.68,23092,3816133219.0
2023-12-21,1533.69,1563.68,1566.0,1533.69,29012,4827827888.0
2023-12-22,1563.38,1564.33,1572.78,1551.69,21667,3613238325.0
2023-12-25,1564.68,1565.68,1572.28,1561.68,12471,2086014390.0
2023-12-26,1566.18,1563.68,1568.58,1551.18,14771,2457177339.0
2023-12-27,1561.68,1560.74,1570.83,1554.68,16056,2679221365.0
2023-12-28,1564.67,1618.67,1621.67,1560.74,38338,6537401380.0
2023-12-29,1613.68,1619.68,1643.26,1613.68,27539,4768857531.0
2024-01-02,1608.68,1578.69,1611.87,1571.78,32156,5440082548.0
2024-01-03,1574.79,1587.68,1588.9,1570.01,20229,3411400667.0
2024-01-04,1586.68,1562.68,1586.68,1556.61,21551,3603970147.0
2024-01-05,1555.01,1557.04,1572.34,1545.79,20243,3373155627.0
2024-01-08,1554.68,1537.67,1555.68,1533.69,25586,4211918629.0
2024-01-09,1534.69,1534.68,1546.0,1528.75,24412,4009826496.0
2024-01-10,1534.78,1535.18,1553.14,1531.68,17351,2856120718.0
2024-01-11,1533.78,1540.25,1551.62,1531.74,16441,2708764500.0
2024-01-12,1533.65,1536.74,1544.94,1533.08,11603,1908084612.0
2024-01-15,1528.68,1533.68,1548.65,1528.13,17854,2931202343.0
2024-01-16,1532.18,1533.11,1540.68,1518.62,25903,4236042960.0
2024-01-17,1523.68,1470.68,1529.16,1470.68,51633,8251735591.0
2024-01-18,1467.68,1504.55,1506.48,1449.23,60440,9566349514.0
2024-01-19,1502.55,1528.68,1531.69,1494.56,46378,7550144389.0
2024-01-22,1522.68,1535.68,1536.68,1512.56,46946,7678297836.0
2024-01-23,1525.69,1512.68,1533.63,1502.68,34835,5659457115.0
2024-01-24,1522.68,1519.68,1527.52,1497.24,33216,5373603703.0
2024-01-25,1520.5,1531.68,1534.68,1515.68,31206,5094508165.0
2024-01-26,1524.04,1531.0,1537.78,1516.68,26955,4402111882.0
2024-01-29,1533.98,1543.68,1554.26,1533.97,31421,5189014946.0
2024-01-30,1543.66,1506.68,1543.66,1503.68,30866,5010784454.0
2024-01-31,1506.68,1498.59,1513.65,1491.81,29649,4770104891.0
2024-02-01,1499.18,1503.71,1517.57,1494.68,26485,4272298576.0
2024-02-02,1508.68,1489.68,1521.46,1474.68,39382,6336691194.0
2024-02-05,1489.68,1523.69,1531.12,1488.93,53130,8590683071.0
2024-02-06,1523.69,1569.68,1579.16,1519.78,52472,8740646588.0
2024-02-07,1574.71,1604.67,1608.27,1555.29,52601,8899606867.0
2024-02-08,1613.69,1599.68,1618.68,1578.68,46757,7953438044.0
2024-02-19,1631.55,1589.11,1631.61,1581.68,36977,6288277980.0
2024-02-20,1591.04,1563.68,1591.04,1550.24,34470,5755266893.0
2024-02-21,1559.7,1611.34,1624.68,1555.68,46154,7868784082.0
2024-02-22,1601.18,1612.06,1616.69,1594.21,22794,3905984695.0
2024-02-23,1604.79,1607.77,1618.06,1593.7,27306,4670706950.0
2024-02-26,1601.68,1588.66,1602.42,1578.7,27318,4625594409.0
2024-02-27,1576.68,1583.18,1586.6,1571.68,22080,3718478358.0
2024-02-28,1582.6,1575.23,1590.25,1567.69,31867,5371312847.0
2024-02-29,1575.23,1588.68,1590.18,1572.88,24758,4184917973.0
2024-03-01,1583.68,1578.74,1588.65,1570.36,26868,4526845398.0
2024-03-04,1572.68,1569.98,1574.67,1563.73,26485,4434401015.0
2024-03-05,1564.49,1588.78,1590.68,1560.36,36238,6102136582.0
2024-03-06,1584.68,1574.23,1588.68,1571.7,22142,3725582802.0
2024-03-07,1573.68,1577.31,1583.48,1571.68,21599,3633934774.0
2024-03-08,1574.24,1565.11,1580.36,1563.73,22156,3710678522.0
2024-03-11,1568.68,1588.17,1592.56,1566.86,29895,5048394347.0
2024-03-12,1587.62,1638.68,1642.78,1584.18,54227,9393309052.0
2024-03-13,1633.65,1621.13,1641.68,1613.78,26500,4588879420.0
2024-03-14,1612.68,1610.31,1628.52,1605.18,19405,3338768308.0
2024-03-15,1606.18,1611.17,1626.08,1605.68,17834,3066692399.0
2024-03-18,1608.68,1601.94,1613.53,1592.68,26055,4446059130.0
2024-03-19,1596.68,1601.7,1613.62,1586.79,23948,4093701261.0
2024-03-20,1597.04,1603.28,1607.36,1593.91,15249,2604543856.0
2024-03-21,1601.78,1602.68,1612.68,1598.18,16596,2839332631.0
2024-03-22,1598.71,1595.03,1602.67,1581.68,25456,4318592818.0
2024-03-25,1592.22,1582.69,1592.45,1574.26,24473,4131446237.0
2024-03-26,1581.14,1602.97,1606.48,1581.14,28069,4782899074.0
2024-03-27,1598.68,1594.68,1605.68,1592.68,18113,3087792980.0
2024-03-28,1588.68,1595.32,1611.68,1586.88,24642,4201857059.0
2024-03-29,1595.32,1596.58,1604.67,1591.78,13457,2290584417.0
2024-04-01,1603.67,1615.01,1627.68,1602.38,27131,4679371035.0
2024-04-02,1615.68,1607.67,1618.67,1598.73,25449,4360973684.0
2024-04-03,1627.68,1608.79,1633.12,1603.7,29046,5002390042.0
2024-04-08,1588.68,1560.34,1589.68,1556.28,59167,9907355766.0
2024-04-09,1554.35,1555.9,1566.68,1552.13,25590,4256226333.0
2024-04-10,1555.95,1541.66,1558.67,1538.68,27631,4562853880.0
2024-04-11,1533.79,1541.68,1543.68,1528.37,22766,3736417595.0
2024-04-12,1544.68,1527.71,1557.68,1527.71,26744,4403968129.0
2024-04-15,1528.69,1566.66,1569.29,1528.66,35818,5960815532.0
2024-04-16,1559.17,1563.68,1573.24,1552.68,26266,4382796962.0
2024-04-17,1561.68,1560.68,1568.88,1551.68,24819,4130322018.0
2024-04-18,1552.69,1564.46,1576.66,1551.86,26568,4445487745.0
2024-04-19,1554.46,1540.32,1562.18,1534.96,23500,3879233242.0
2024-04-22,1547.68,1568.74,1572.56,1538.68,29951,5001684635.0
2024-04-23,1568.68,1585.96,1588.68,1568.68,24980,4217855279.0
2024-04-24,1590.66,1587.28,1593.59,1577.01,17086,2893555635.0
2024-04-25,1584.01,1586.72,1589.28,1575.93,14476,2447183879.0
2024-04-26,1587.68,1603.11,1607.68,1587.66,30996,5290248521.0
2024-04-29,1590.63,1597.68,1621.68,1587.5,41332,7072096590.0
2024-04-30,1598.69,1598.68,1623.56,1598.68,30760,5273902374.0
2024-05-06,1627.65,1653.88,1658.68,1620.68,59909,10504351712.0
2024-05-07,1659.47,1663.68,1671.48,1650.36,24925,4413196426.0
2024-05-08,1663.37,1657.65,1663.65,1649.35,14769,2603293863.0
2024-05-09,1651.68,1649.68,1658.66,1643.68,22387,3929804849.0
2024-05-10,1654.78,1632.66,1661.56,1627.67,26207,4571398242.0
2024-05-13,1625.7,1599.68,1626.34,1594.9,37662,6435415674.0
2024-05-14,1599.67,1595.66,1606.95,1593.69,21274,3623282672.0
2024-05-15,1596.26,1593.68,1601.68,1592.27,15739,2677203002.0
2024-05-16,1598.68,1598.18,1603.56,1583.68,29680,5048754769.0
2024-05-17,1593.69,1608.68,1610.26,1593.68,28924,4936920634.0
2024-05-20,1611.67,1602.68,1626.67,1601.79,31426,5401389335.0
2024-05-21,1601.68,1598.68,1603.41,1591.84,16293,2776847499.0
2024-05-22,1596.68,1591.39,1603.64,1584.68,20286,3443977767.0
2024-05-23,1593.68,1585.69,1600.06,1583.76,18885,3199923320.0
2024-05-24,1586.68,1570.76,1588.68,1570.68,20217,3401323915.0
2024-05-27,1571.68,1563.8,1581.13,1561.69,25098,4199001866.0
2024-05-28,1564.08,1558.32,1568.85,1556.68,23521,3923020375.0
2024-05-29,1559.68,1567.68,1573.68,1558.68,19651,3289173345.0
2024-05-30,1568.68,1542.68,1569.06,1542.68,32208,5333306808.0
2024-05-31,1544.18,1542.13,1557.18,1542.13,21857,3617654788.0
2024-06-03,1543.68,1533.07,1544.6,1528.79,30261,4966041477.0
2024-06-04,1534.18,1546.88,1549.68,1530.23,20841,3432497303.0
2024-06-05,1545.68,1537.68,1552.36,1536.71,19056,3140824328.0
2024-06-06,1537.34,1533.49,1545.67,1529.59,25610,4205700983.0
2024-06-07,1539.81,1512.86,1539.86,1512.69,33525,5453120695.0
2024-06-11,1496.67,1462.68,1498.68,1460.68,70247,11090577610.0
2024-06-12,1463.68,1465.36,1483.68,1463.68,33171,5230086503.0
2024-06-13,1470.45,1448.69,1470.57,1446.83,36186,5654938942.0
2024-06-14,1448.68,1448.68,1457.64,1414.14,59514,9177637168.0
2024-06-17,1425.97,1435.18,1442.45,1404.69,48318,7400883243.0
2024-06-18,1424.57,1415.18,1448.22,1410.36,41258,6317590943.0
2024-06-19,1422.55,1425.56,1428.56,1406.66,41262,6167728416.0
2024-06-20,1424.56,1424.66,1440.57,1422.56,24711,3715924984.0
2024-06-21,1425.06,1395.56,1429.54,1394.78,43320,6418543742.0
2024-06-24,1347.56,1401.11,1413.55,1338.57,63840,9319362390.0
2024-06-25,1401.56,1411.21,1427.55,1401.56,42098,6273919386.0
2024-06-26,1404.56,1413.78,1425.63,1402.36,29570,4414601922.0
2024-06-27,1416.56,1415.05,1418.53,1392.56,32822,4857959457.0
2024-06-28,1404.56,1391.95,1419.05,1388.56,38582,5699649047.0
2024-07-01,1393.44,1364.94,1397.55,1352.56,32161,4636689118.0
2024-07-02,1357.56,1415.26,1422.56,1357.56,51853,7659166816.0
2024-07-03,1423.56,1424.56,1437.57,1412.58,31573,4740808130.0
2024-07-04,1429.56,1410.3,1436.56,1405.69,24380,3637968895.0
2024-07-05,1403.56,1377.56,1417.74,1374.56,38829,5664477336.0
2024-07-08,1367.56,1344.56,1382.33,1343.7,39527,5657951348.0
2024-07-09,1344.56,1362.59,1379.45,1334.66,33621,4807957927.0
2024-07-10,1363.81,1362.15,1390.44,1359.56,23763,3436693365.0
2024-07-11,1374.53,1386.65,1393.56,1364.77,29020,4236960596.0
2024-07-12,1397.57,1403.38,1410.96,1390.01,23386,3451132648.0
2024-07-15,1394.56,1399.46,1412.56,1394.56,19176,2835374730.0
2024-07-16,1400.56,1400.56,1406.56,1389.61,20316,2998367128.0
2024-07-17,1400.66,1425.96,1427.56,1394.58,34311,5115680654.0
2024-07-18,1424.06,1422.07,1439.56,1417.09,28870,4337214601.0
2024-07-19,1415.37,1450.18,1453.74,1408.57,38943,5888615145.0
2024-07-22,1449.59,1423.56,1454.54,1416.21,28543,4300813310.0
2024-07-23,1423.56,1379.56,1425.56,1379.56,30944,4555460198.0
2024-07-24,1374.76,1364.58,1388.26,1359.56,24123,3490200973.0
2024-07-25,1364.58,1355.05,1372.56,1344.57,28347,4054086714.0
2024-07-26,1355.05,1346.75,1362.28,1335.46,32354,4594928574.0
2024-07-29,1339.56,1322.58,1346.55,1322.56,30869,4342610100.0
2024-07-30,1310.54,1304.55,1314.83,1285.86,51779,7103491566.0
2024-07-31,1297.66,1345.84,1351.83,1297.66,43272,6098149721.0
2024-08-01,1342.56,1310.72,1344.56,1309.26,32038,4470988088.0
2024-08-02,1298.16,1310.01,1321.53,1298.16,21928,3041726372.0
2024-08-05,1313.44,1334.57,1350.56,1310.08,37736,5327127147.0
2024-08-06,1346.56,1329.26,1348.56,1318.57,27444,3860735014.0
2024-08-07,1330.06,1340.06,1346.55,1322.86,20622,2910580747.0
2024-08-08,1335.56,1355.25,1372.74,1333.56,25131,3592705430.0
2024-08-09,1384.59,1361.36,1393.56,1361.36,30138,4368705515.0
2024-08-12,1354.56,1360.66,1367.56,1351.14,13632,1956573438.0
2024-08-13,1357.56,1347.57,1359.56,1336.57,16308,2317037756.0
2024-08-14,1347.57,1337.86,1349.46,1336.58,13414,1898377426.0
2024-08-15,1329.59,1351.45,1360.55,1328.51,23039,3275699572.0
2024-08-16,1351.35,1355.76,1360.48,1341.57,16455,2349825846.0
2024-08-19,1356.56,1350.0,1383.44,1349.56,20433,2942106435.0
2024-08-20,1354.46,1347.28,1354.49,1338.56,18591,2644814344.0
2024-08-21,1344.56,1342.14,1352.54,1340.25,15092,2144746551.0
2024-08-22,1340.56,1334.61,1344.56,1324.57,19527,2750868073.0
2024-08-23,1332.56,1339.55,1348.06,1330.68,15320,2166499202.0
2024-08-26,1341.56,1336.56,1348.42,1327.71,15628,2207595461.0
2024-08-27,1336.56,1328.63,1337.56,1325.67,13657,1920770570.0
2024-08-28,1328.63,1313.56,1330.56,1299.56,31664,4388025875.0
2024-08-29,1304.56,1337.86,1342.56,1304.56,27472,3864270621.0
2024-08-30,1337.56,1367.75,1382.63,1329.56,38739,5576118649.0
2024-09-02,1354.56,1319.56,1362.56,1319.56,34135,4801049927.0
2024-09-03,1322.56,1334.56,1339.54,1317.58,17888,2516125842.0
2024-09-04,1326.56,1324.56,1343.75,1324.3,14211,1995221417.0
2024-09-05,1325.06,1329.44,1331.56,1321.56,14503,2033680839.0
2024-09-06,1329.56,1322.56,1330.56,1322.56,10321,1445537257.0
2024-09-09,1304.57,1299.56,1318.27,1294.64,28638,3950086825.0
2024-09-10,1294.58,1302.56,1317.56,1294.58,19803,2737295644.0
2024-09-11,1300.16,1304.56,1310.44,1289.56,20996,2892932794.0
2024-09-12,1304.56,1259.62,1309.56,1259.47,47948,6482445000.0
2024-09-13,1255.56,1228.69,1256.56,1221.86,56005,7329376917.0
2024-09-18,1224.56,1191.46,1224.57,1191.22,46185,5895948011.0
2024-09-19,1186.56,1185.56,1217.44,1170.39,59988,7623739997.0
2024-09-20,1186.06,1188.48,1198.46,1174.59,39982,5038507835.0
2024-09-23,1192.56,1186.1,1218.06,1185.22,45550,5809791682.0
2024-09-24,1209.65,1297.16,1297.56,1189.65,100413,13297277523.0
2024-09-25,1324.61,1323.56,1351.56,1321.27,73954,10420109655.0
2024-09-26,1324.52,1453.56,1454.43,1320.56,97278,14269262657.0
2024-09-27,1524.56,1553.76,1553.76,1489.92,87922,14050260569.0
2024-09-30,1616.56,1672.56,1684.44,1576.56,157293,26982747037.0
2024-10-08,1834.56,1647.56,1834.56,1604.74,194709,35114075007.0
2024-10-09,1624.56,1519.71,1624.56,1514.56,120197,19708432734.0
2024-10-10,1546.82,1564.56,1592.64,1515.56,74603,12198964035.0
2024-10-11,1539.96,1529.55,1564.52,1514.56,41915,6764982707.0
2024-10-14,1537.56,1526.55,1545.19,1505.73,44812,7181350822.0
2024-10-15,1523.56,1478.81,1525.55,1477.57,43571,6884141869.0
2024-10-16,1465.44,1447.06,1474.36,1434.56,46664,7140169692.0
2024-10-17,1461.56,1419.16,1462.22,1417.97,39460,5964778958.0
2024-10-18,1417.56,1465.56,1492.4,1403.52,68619,10418043492.0
2024-10-21,1465.77,1453.36,1474.53,1445.77,42008,6433918335.0
2024-10-22,1451.12,1467.56,1484.74,1448.76,36269,5607826492.0
2024-10-23,1468.67,1492.06,1501.51,1456.56,40088,6259600035.0
2024-10-24,1485.56,1476.76,1499.56,1469.57,23923,3723973209.0
2024-10-25,1471.56,1483.41,1499.35,1470.57,27745,4328271351.0
2024-10-28,1484.56,1489.56,1489.56,1446.79,39121,6064453668.0
2024-10-29,1484.56,1456.18,1504.56,1454.56,41166,6368105233.0
2024-10-30,1449.56,1456.56,1475.75,1447.97,32006,4913175983.0
2024-10-31,1456.71,1452.35,1464.56,1444.56,29957,4575545180.0
2024-11-01,1445.56,1458.31,1469.69,1445.36,32284,4954302212.0
2024-11-04,1469.49,1472.76,1474.56,1452.62,29093,4481761764.0
2024-11-05,1464.56,1501.55,1502.26,1460.57,45640,7134443464.0
2024-11-06,1499.56,1495.56,1513.55,1485.78,37631,5916917616.0
2024-11-07,1487.02,1573.7,1578.06,1486.86,74739,12074951757.0
2024-11-08,1585.45,1534.53,1591.67,1525.57,60771,9885645907.0
2024-11-11,1514.56,1522.57,1534.51,1491.75,43854,6957095385.0
2024-11-12,1513.56,1501.76,1547.56,1498.51,49223,7844798676.0
2024-11-13,1492.56,1503.06,1511.22,1485.84,29125,4594445032.0
2024-11-14,1494.56,1498.36,1519.01,1490.21,29248,4617144097.0
2024-11-15,1493.56,1483.56,1508.36,1477.56,33761,5295326892.0
2024-11-18,1486.56,1483.56,1500.55,1479.56,27092,4237197499.0
2024-11-19,1489.56,1466.48,1493.93,1449.56,33266,5138831155.0
2024-11-20,1467.56,1469.37,1478.53,1455.86,21345,3292675257.0
2024-11-21,1468.43,1469.69,1473.55,1456.56,18262,2810933515.0
2024-11-22,1465.71,1432.38,1472.33,1432.38,33436,5107288992.0
2024-11-25,1435.56,1423.13,1456.56,1421.23,33186,5011136234.0
2024-11-26,1423.13,1433.56,1443.44,1413.44,25745,3876885984.0
2024-11-27,1433.56,1443.61,1446.71,1429.56,25934,3927607772.0
2024-11-28,1446.56,1442.56,1449.55,1426.56,23952,3627662382.0
2024-11-29,1441.56,1450.3,1479.56,1437.77,36088,5534035503.0
2024-12-02,1450.56,1449.56,1454.55,1439.66,26820,4086609952.0
2024-12-03,1448.56,1451.3,1453.46,1440.64,24807,3777197199.0
2024-12-04,1444.63,1444.56,1448.22,1434.56,23924,3626565544.0
2024-12-05,1435.42,1435.56,1442.42,1434.56,16141,2441318387.0
2024-12-06,1437.56,1445.57,1463.46,1432.63,32040,4883148600.0
2024-12-09,1446.58,1443.36,1454.28,1437.76,19800,3008173586.0
2024-12-10,1494.56,1471.15,1504.29,1469.74,60312,9421340719.0
2024-12-11,1464.56,1460.16,1479.56,1455.54,29671,4569662604.0
2024-12-12,1456.58,1490.36,1490.56,1453.56,41937,6510547810.0
2024-12-13,1474.57,1443.56,1479.55,1443.44,49512,7580908315.0
2024-12-16,1445.56,1451.76,1453.56,1435.27,32537,4945298799.0
2024-12-17,1450.55,1482.56,1493.56,1445.57,54172,8398945449.0
2024-12-18,1482.53,1496.06,1501.56,1471.66,41162,6440801971.0
2024-12-19,1489.7,1475.57,1492.49,1474.89,24809,3862602665.0
2024-12-20,1479.57,1470.44,1490.24,1468.46,28158,4307425535.0
2024-12-23,1471.44,1474.89,1486.44,1465.44,21603,3300971424.0
2024-12-24,1473.44,1487.26,1492.44,1470.03,22105,3394160299.0
2024-12-25,1487.24,1478.44,1487.24,1474.54,17123,2621061878.0
2024-12-26,1482.44,1476.23,1487.22,1471.44,18287,2798840003.0
2024-12-27,1477.34,1477.41,1484.44,1467.94,20759,3170191445.0
2024-12-30,1482.41,1473.44,1492.4,1473.44,25130,3849542646.0
2024-12-31,1473.84,1472.44,1493.44,1470.45,39354,6033540366.0
2025-01-02,1472.44,1436.44,1472.93,1428.44,50029,7490883773.0
2025-01-03,1442.94,1423.44,1443.43,1415.45,32628,4836610288.0
2025-01-06,1401.44,1388.44,1411.1,1381.24,44255,6392479712.0
2025-01-07,1393.1,1388.64,1400.33,1387.44,24221,3494634227.0
2025-01-08,1388.44,1390.94,1400.26,1375.1,35258,5071821246.0
2025-01-09,1397.43,1392.44,1413.02,1381.42,29706,4295852736.0
2025-01-10,1395.54,1384.44,1400.39,1384.44,21872,3154677598.0
2025-01-13,1373.44,1392.42,1392.88,1370.45,21083,3030806870.0
2025-01-14,1393.39,1420.94,1427.12,1390.44,30957,4535651504.0
2025-01-15,1415.44,1419.71,1423.04,1408.45,18399,2701518712.0
2025-01-16,1422.44,1394.82,1431.1,1390.44,26342,3840411437.0
2025-01-17,1394.83,1403.19,1409.44,1394.82,18309,2663227309.0
2025-01-20,1409.44,1423.24,1438.23,1408.44,31410,4647626351.0
2025-01-21,1429.44,1416.59,1430.44,1413.44,16856,2481821229.0
2025-01-22,1411.71,1389.44,1416.39,1386.44,28294,4088101682.0
2025-01-23,1398.41,1391.44,1416.44,1386.44,27125,3932700850.0
2025-01-24,1390.44,1384.44,1396.23,1378.75,31360,4515322685.0
2025-01-27,1385.44,1383.43,1392.41,1375.46,29356,4213534543.0
2025-02-05,1388.44,1352.24,1391.44,1350.65,40757,5753730034.0
2025-02-06,1348.45,1361.28,1370.43,1348.45,27356,3859568163.0
2025-02-07,1362.12,1384.44,1391.12,1351.85,37242,5310850624.0
2025-02-10,1386.44,1379.95,1388.44,1375.53,20840,2988101756.0
2025-02-11,1383.39,1366.44,1384.4,1364.34,23573,3348668867.0
2025-02-12,1366.44,1391.44,1393.44,1365.32,25476,3644170477.0
2025-02-13,1391.46,1413.5,1423.69,1382.95,43385,6335985851.0
2025-02-14,1413.5,1423.44,1425.44,1406.66,27100,3978694098.0
2025-02-17,1429.44,1420.06,1443.42,1415.54,32471,4804663813.0
2025-02-18,1418.44,1423.44,1441.43,1410.52,27800,4113845397.0
2025-02-19,1423.49,1439.44,1442.88,1413.34,32393,4803378441.0
2025-02-20,1431.44,1422.44,1440.41,1421.83,23750,3513552984.0
2025-02-21,1428.44,1436.65,1445.17,1421.45,36418,5418169587.0
2025-02-24,1436.44,1427.51,1447.96,1422.44,34744,5157907322.0
2025-02-25,1418.45,1402.44,1421.83,1400.44,28387,4142814459.0
2025-02-26,1403.89,1408.45,1413.4,1393.44,26366,3835949041.0
2025-02-27,1408.46,1434.0,1438.34,1402.44,49762,7368002361.0
2025-02-28,1433.94,1449.23,1476.82,1430.44,56129,8475738166.0
2025-03-03,1451.04,1435.46,1469.43,1429.94,31596,4736679903.0
2025-03-04,1433.44,1418.55,1434.44,1413.65,25211,3710675863.0
2025-03-05,1420.44,1414.81,1422.44,1408.54,24605,3606932152.0
2025-03-06,1422.44,1454.42,1458.64,1420.52,42168,6297117400.0
2025-03-07,1451.44,1469.44,1476.8,1451.44,37991,5760608729.0
2025-03-10,1468.25,1471.34,1475.32,1454.58,31369,4758789260.0
2025-03-11,1465.44,1497.12,1497.12,1460.44,39776,6094007854.0
2025-03-12,1495.4,1491.02,1498.12,1474.79,29604,4552923644.0
2025-03-13,1492.44,1486.21,1503.94,1479.32,25724,3966369271.0
2025-03-14,1496.1,1576.45,1576.45,1489.44,92913,14882842708.0
2025-03-17,1605.44,1586.3,1606.43,1575.32,54689,8985138902.0
2025-03-18,1593.48,1572.44,1600.44,1570.14,31613,5153210436.0
2025-03-19,1572.73,1584.15,1596.44,1571.44,27390,4477128770.0
2025-03-20,1584.15,1552.44,1586.04,1543.51,36737,5903879207.0
2025-03-21,1547.44,1522.19,1560.64,1517.27,33614,5324973190.0
2025-03-24,1518.44,1531.44,1538.1,1510.82,25566,4032223482.0
2025-03-25,1536.44,1523.94,1541.24,1515.1,17674,2783286813.0
2025-03-26,1521.21,1524.44,1531.02,1519.44,14324,2257639750.0
2025-03-27,1524.44,1537.44,1546.69,1521.82,17956,2848889210.0
2025-03-28,1539.37,1533.65,1541.44,1524.44,16228,2569470015.0
2025-03-31,1529.42,1509.44,1535.4,1508.5,21085,3311857714.0
2025-04-01,1512.44,1504.46,1518.33,1500.65,18556,2893739955.0
2025-04-02,1506.44,1497.46,1516.24,1493.94,21674,3371883024.0
2025-04-03,1478.44,1517.32,1534.44,1477.45,35481,5557442052.0
2025-04-07,1468.45,1448.44,1485.29,1410.44,101953,15314738235.0
2025-04-08,1461.44,1493.44,1493.44,1443.44,73876,11226977557.0
2025-04-09,1473.46,1489.48,1505.24,1468.99,55630,8562928225.0
2025-04-10,1499.43,1497.44,1503.44,1476.44,38620,5963650791.0
2025-04-11,1528.41,1517.42,1528.41,1493.44,32634,5087359924.0
2025-04-14,1509.41,1500.43,1514.44,1499.97,21711,3379425640.0
2025-04-15,1500.44,1506.44,1513.44,1493.44,21489,3339942729.0
2025-04-16,1500.44,1507.61,1524.44,1485.44,31156,4834880596.0
2025-04-17,1502.44,1518.44,1524.94,1498.43,23846,3733924973.0
2025-04-18,1514.44,1514.38,1523.44,1504.44,20298,3179974340.0
2025-04-21,1513.94,1499.44,1513.94,1499.44,18057,2808158177.0
2025-04-22,1498.44,1497.24,1504.74,1491.65,18432,2857525967.0
2025-04-23,1507.44,1500.44,1507.66,1493.44,18669,2895468892.0
2025-04-24,1500.44,1500.69,1509.12,1497.42,14872,2313372072.0
2025-04-25,1505.54,1498.44,1509.64,1498.44,14765,2295029705.0
2025-04-28,1500.44,1498.44,1503.44,1495.04,14660,2274252465.0
2025-04-29,1498.44,1492.44,1500.98,1480.46,18922,2917422938.0
2025-04-30,1498.43,1495.44,1515.1,1494.74,25754,4005439429.0
2025-05-06,1507.44,1498.64,1507.44,1492.77,18300,2838614215.0
2025-05-07,1518.44,1503.44,1518.44,1498.64,27462,4275142569.0
2025-05-08,1501.44,1526.63,1541.22,1498.27,33481,5265446444.0
2025-05-09,1527.43,1539.62,1545.89,1523.49,23672,3757574546.0
2025-05-12,1546.44,1552.94,1567.37,1545.05,24735,3967785800.0
2025-05-13,1557.36,1538.74,1557.36,1533.55,21258,3386617848.0
2025-05-14,1538.44,1583.43,1593.44,1536.62,39460,6394735058.0
2025-05-15,1583.24,1580.45,1592.03,1572.57,24733,4043402636.0
2025-05-16,1582.43,1562.57,1585.43,1562.57,22935,3714508659.0
2025-05-19,1544.44,1527.42,1548.44,1522.32,38063,6021950010.0
2025-05-20,1528.44,1534.44,1543.24,1523.54,19522,3095742637.0
2025-05-21,1533.44,1529.41,1544.38,1529.41,19795,3143941416.0
2025-05-22,1529.43,1528.44,1533.43,1518.54,15090,2381236586.0
2025-05-23,1523.64,1521.04,1536.34,1520.1,21537,3399424961.0
2025-05-26,1518.44,1498.94,1523.07,1493.44,27087,4212944430.0
2025-05-27,1499.44,1492.34,1507.04,1491.95,17752,2748945675.0
2025-05-28,1492.43,1485.44,1494.9,1481.44,16266,2504624605.0
2025-05-29,1488.44,1488.44,1503.44,1480.44,21860,3375465796.0
2025-05-30,1488.59,1470.44,1493.44,1463.68,31239,4764875947.0
2025-06-03,1456.45,1457.44,1467.44,1453.46,28979,4377892799.0
2025-06-04,1458.94,1458.4,1471.44,1457.66,23008,3480363797.0
2025-06-05,1462.44,1462.44,1464.44,1450.64,23214,3504925524.0
2025-06-06,1462.24,1454.83,1467.41,1451.44,25023,3777727616.0
2025-06-09,1453.46,1434.55,1457.14,1434.12,44959,6723839138.0
2025-06-10,1434.44,1423.45,1440.44,1423.24,30492,4511934584.0
2025-06-11,1425.24,1428.44,1442.44,1424.54,30893,4585522755.0
2025-06-12,1428.44,1407.44,1432.31,1402.54,49904,7306800800.0
2025-06-13,1392.85,1375.39,1398.41,1373.5,59113,8466515559.0
2025-06-16,1349.64,1370.73,1373.48,1349.62,42888,6060448438.0
2025-06-17,1368.44,1375.44,1375.44,1360.62,27232,3868364671.0
2025-06-18,1388.44,1373.44,1391.88,1369.45,30761,4404131364.0
2025-06-19,1374.44,1374.44,1382.11,1365.62,24501,3490268568.0
2025-06-20,1372.02,1377.1,1389.58,1368.64,34816,4990683314.0
2025-06-23,1368.44,1368.44,1381.44,1353.62,26723,3794012343.0
2025-06-24,1371.79,1385.64,1400.12,1371.79,36312,5229183514.0
2025-06-25,1387.55,1384.3,1397.64,1368.95,41050,5869292227.0
2025-06-26,1391.04,1396.04,1404.04,1386.12,34860,4955829982.0
2025-06-27,1396.05,1379.13,1399.04,1379.13,38250,5404312675.0
2025-06-30,1379.54,1385.56,1389.27,1378.04,30457,4287373691.0
2025-07-01,1385.04,1381.14,1387.98,1379.35,19878,2794423203.0
2025-07-02,1385.54,1385.64,1390.84,1376.04,26218,3689246316.0
2025-07-03,1388.04,1391.64,1398.73,1384.04,24413,3456733002.0
2025-07-04,1391.74,1398.26,1407.93,1386.05,28767,4086547268.0
2025-07-07,1398.32,1386.74,1399.54,1386.05,23855,3370562659.0
2025-07-08,1386.75,1392.15,1396.04,1386.74,18674,2643302691.0
2025-07-09,1391.04,1394.92,1406.01,1390.21,27745,3950810723.0
2025-07-10,1395.01,1402.54,1412.22,1386.44,38725,5503329754.0
2025-07-11,1399.2,1403.04,1434.04,1399.2,57243,8239010390.0
2025-07-14,1406.04,1399.64,1411.02,1397.64,27781,3961736006.0
2025-07-15,1397.02,1387.04,1398.97,1384.36,35406,5005150165.0
2025-07-16,1386.05,1387.07,1393.53,1385.99,21286,3006882579.0
2025-07-17,1390.02,1392.39,1399.05,1388.92,23106,3273100406.0
2025-07-18,1396.04,1413.04,1413.85,1392.42,41823,5984949774.0
2025-07-21,1413.03,1419.04,1422.84,1411.04,26203,3779891829.0
2025-07-22,1420.04,1441.02,1442.64,1416.72,42119,6127636851.0
2025-07-23,1445.04,1451.54,1471.04,1444.99,45045,6676301462.0
2025-07-24,1452.04,1467.54,1475.04,1451.04,38804,5786337377.0
2025-07-25,1467.44,1431.04,1467.44,1429.04,41911,6140078741.0
2025-07-28,1429.04,1414.7,1431.03,1412.34,38586,5560966386.0
2025-07-29,1415.64,1415.04,1424.83,1411.05,26304,3785848102.0
2025-07-30,1420.04,1425.48,1433.2,1413.04,31868,4612883040.0
2025-07-31,1419.04,1397.71,1420.91,1394.04,51798,7386302758.0
2025-08-01,1397.91,1393.04,1402.0,1390.04,29636,4200850790.0
2025-08-04,1391.04,1395.04,1395.84,1390.04,18688,2647105740.0
2025-08-05,1397.04,1403.78,1405.98,1393.15,25342,3607931488.0
2025-08-06,1405.04,1399.92,1405.04,1395.34,23699,3372334940.0
2025-08-07,1399.92,1398.39,1403.74,1396.1,28001,3988765795.0
2025-08-08,1399.09,1397.01,1402.54,1394.04,18655,2651478118.0
2025-08-11,1399.54,1421.04,1428.03,1399.04,47159,6794034090.0
2025-08-12,1425.04,1413.08,1441.11,1412.04,42019,6095342036.0
2025-08-13,1401.04,1396.09,1409.72,1396.04,65528,9325460101.0
2025-08-14,1396.98,1403.03,1423.55,1396.98,48129,6897535330.0
2025-08-15,1402.05,1398.12,1404.7,1396.26,47582,6772436997.0
2025-08-18,1403.03,1404.54,1412.68,1399.14,47378,6773477871.0
2025-08-19,1409.54,1414.04,1422.7,1408.04,46372,6678541001.0
2025-08-20,1414.04,1426.04,1428.84,1406.06,45805,6623095725.0
2025-08-21,1429.49,1424.29,1431.03,1419.69,30891,4470441662.0
2025-08-22,1424.92,1439.99,1440.04,1420.81,44971,6544867368.0
2025-08-25,1446.05,1466.37,1472.04,1442.04,65325,9676719498.0
2025-08-26,1466.36,1457.65,1470.27,1456.05,39602,5883917000.0
2025-08-27,1457.92,1424.04,1460.97,1424.04,56006,8184169113.0
2025-08-28,1424.01,1422.14,1432.14,1414.81,39282,5683673273.0
2025-08-29,1429.04,1456.04,1458.62,1428.04,62256,9159701454.0
2025-09-01,1458.24,1452.14,1464.04,1441.74,45123,6658918555.0
2025-09-02,1454.7,1467.34,1485.04,1454.04,56688,8470012816.0
2025-09-03,1467.04,1456.59,1479.54,1442.04,45045,6656011145.0
2025-09-04,1448.04,1448.7,1455.34,1436.51,47747,7017084750.0
2025-09-05,1447.04,1459.04,1463.01,1440.04,37388,5519312163.0
2025-09-08,1459.04,1477.27,1482.48,1453.54,51383,7682065696.0
2025-09-09,1481.04,1481.04,1485.99,1469.46,35743,5366650005.0
2025-09-10,1482.7,1498.05,1505.99,1472.04,49663,7541460049.0
2025-09-11,1498.05,1499.54,1502.06,1484.54,37239,5642778456.0
2025-09-12,1502.04,1492.04,1514.06,1486.57,33722,5132184935.0
2025-09-15,1491.91,1491.14,1493.52,1477.54,25827,3901929718.0
2025-09-16,1491.14,1476.02,1497.03,1472.25,32718,4928374478.0
2025-09-17,1476.03,1469.04,1486.32,1466.05,30331,4534770634.0
2025-09-18,1468.04,1444.0,1473.84,1439.54,49721,7347477479.0
2025-09-19,1444.03,1444.01,1451.54,1433.05,32637,4784528851.0
2025-09-22,1441.13,1429.39,1444.01,1426.05,34947,5085057536.0
2025-09-23,1426.54,1423.46,1433.54,1416.04,38663,5588384388.0
2025-09-24,1410.11,1418.04,1432.82,1410.11,30744,4443052872.0
2025-09-25,1418.87,1415.04,1421.25,1412.04,33870,4873274661.0
2025-09-26,1417.22,1411.04,1423.15,1404.05,45121,6480889597.0
2025-09-29,1415.42,1436.9,1446.03,1411.04,53684,7798434586.0
2025-09-30,1436.04,1420.03,1436.8,1416.04,39364,5687474876.0
2025-10-09,1412.04,1412.82,1415.42,1396.04,54918,7845448947.0
2025-10-10,1413.64,1406.04,1415.98,1403.54,36001,5157459262.0
2025-10-13,1391.74,1395.24,1398.89,1391.16,46069,6533147458.0
2025-10-14,1406.03,1427.06,1440.04,1406.03,66672,9639484605.0
2025-10-15,1427.02,1438.04,1439.04,1421.12,42785,6233407482.0
2025-10-16,1437.96,1460.95,1460.99,1434.92,45730,6749162949.0
2025-10-17,1459.14,1431.04,1464.04,1430.07,38086,5594724900.0
2025-10-20,1431.04,1433.97,1445.54,1430.92,25950,3793283759.0
2025-10-21,1435.04,1438.3,1445.98,1431.54,25443,3727984130.0
2025-10-22,1438.12,1434.74,1441.77,1432.04,18195,2657486636.0
2025-10-23,1431.04,1444.02,1444.84,1423.24,29322,4274652090.0
2025-10-24,1443.99,1426.04,1454.92,1425.38,38226,5578603148.0
2025-10-27,1416.04,1416.45,1428.53,1412.03,37102,5352667152.0
2025-10-28,1418.04,1421.04,1427.24,1417.14,27124,3923817140.0
2025-10-29,1416.06,1407.94,1422.59,1406.08,33937,4868780319.0
2025-10-30,1397.85,1402.78,1412.67,1397.85,47456,6768821311.0
2025-10-31,1398.04,1406.05,1412.02,1396.15,35694,5109623861.0
2025-11-03,1407.04,1411.04,1424.04,1396.14,34548,4945310830.0
2025-11-04,1411.14,1405.04,1411.82,1399.82,26566,3793892903.0
2025-11-05,1401.93,1396.12,1407.03,1396.05,34475,4908475373.0
2025-11-06,1406.04,1411.17,1417.49,1406.03,38348,5505960415.0
2025-11-07,1411.15,1409.37,1415.82,1407.15,18861,2704995856.0
2025-11-10,1411.04,1438.34,1439.73,1411.02,49452,7181246441.0
2025-11-11,1438.04,1435.03,1438.22,1423.04,26692,3882776772.0
2025-11-12,1436.02,1441.19,1454.4,1435.25,32992,4849073051.0
2025-11-13,1438.16,1446.42,1449.62,1434.04,31179,4569178269.0
2025-11-14,1446.04,1432.64,1454.99,1432.34,27473,4031007106.0
2025-11-17,1430.04,1447.04,1449.04,1421.83,34462,5035780027.0
2025-11-18,1446.74,1452.04,1462.11,1445.04,34205,5055675474.0
2025-11-19,1450.04,1447.05,1455.57,1446.0,22045,3249449214.0
2025-11-20,1448.04,1443.15,1455.94,1441.07,24002,3531653943.0
2025-11-21,1446.54,1442.64,1456.04,1432.04,42607,6259873433.0
2025-11-24,1443.04,1428.04,1447.04,1427.17,33607,4901903705.0
2025-11-25,1434.04,1420.69,1434.04,1420.54,28441,4119930011.0
2025-11-26,1424.92,1425.19,1429.53,1419.62,20306,2938818095.0
2025-11-27,1425.54,1423.34,1426.04,1415.08,22287,3216797187.0
2025-11-28,1422.54,1426.54,1431.54,1419.04,23211,3366696622.0
2025-12-01,1427.04,1424.04,1438.31,1418.04,27333,3961994999.0
2025-12-02,1424.04,1412.07,1427.96,1411.06,25047,3607543825.0
2025-12-03,1411.85,1405.14,1412.01,1404.04,23573,3370080066.0
2025-12-04,1405.14,1400.02,1408.54,1394.42,29075,4134921902.0
2025-12-05,1400.02,1406.05,1409.13,1395.54,25402,3622681597.0
2025-12-08,1405.24,1394.26,1412.71,1394.04,33603,4789155770.0
2025-12-09,1394.27,1377.05,1397.04,1376.09,42634,5995722121.0
2025-12-10,1376.04,1378.84,1378.84,1359.22,33133,4625906139.0
2025-12-11,1382.7,1388.03,1388.03,1377.59,22385,3149974074.0
2025-12-12,1394.04,1396.69,1401.04,1389.61,37159,5273563274.0
2025-12-15,1415.63,1402.04,1416.03,1401.61,33359,4774362060.0
2025-12-16,1402.24,1398.04,1404.82,1391.04,23964,3403139194.0
2025-12-17,1401.04,1409.14,1415.98,1393.72,31382,4489482138.0
2025-12-18,1409.54,1407.04,1414.92,1402.15,17830,2551177659.0
2025-12-19,1410.0,1410.0,1412.45,1401.01,26509,3733028357.0
2025-12-22,1410.0,1408.26,1414.14,1406.58,20426,2881636856.0
2025-12-23,1408.26,1407.86,1412.93,1397.19,24507,3445377032.0
2025-12-24,1404.99,1400.9,1406.36,1400.0,25187,3533253565.0
2025-12-25,1405.0,1414.17,1419.48,1401.38,23386,3299572096.0
2025-12-26,1414.17,1414.13,1419.14,1410.0,17803,2520605635.0
2025-12-29,1414.13,1402.0,1414.13,1401.0,26308,3694660107.0
2025-12-30,1401.0,1389.72,1401.9,1386.0,33792,4702489813.0
2025-12-31,1390.0,1377.18,1394.0,1377.17,34766,4799456452.0
2026-01-05,1385.0,1426.0,1431.88,1385.0,70949,10018086372.0
2026-01-06,1432.55,1428.01,1436.97,1416.53,39586,5649710153.0
2026-01-07,1432.88,1423.36,1435.0,1420.2,29684,4234255286.0
2026-01-08,1423.33,1412.3,1423.36,1408.14,29135,4117925041.0
2026-01-09,1417.0,1419.1,1428.6,1416.01,29848,4243865418.0
2026-01-12,1419.1,1423.23,1431.0,1417.1,36083,5135636033.0
2026-01-13,1426.79,1411.0,1429.52,1408.99,39169,5555633779.0
2026-01-14,1411.0,1398.01,1422.25,1396.18,51758,7285041159.0
2026-01-15,1396.02,1388.89,1402.83,1388.58,40907,5698739671.0
2026-01-16,1395.0,1382.0,1397.5,1380.0,55121,7643061998.0
2026-01-19,1381.9,1376.0,1387.49,1375.0,42286,5833745442.0
2026-01-20,1379.5,1373.55,1381.58,1372.05,36484,5021900765.0
2026-01-21,1373.56,1351.06,1374.4,1350.0,64516,8775880803.0
2026-01-22,1352.01,1340.06,1361.76,1337.48,59011,7962441434.0
2026-01-23,1340.1,1337.0,1348.0,1332.47,61949,8301311489.0
2026-01-26,1340.51,1342.0,1355.0,1325.12,80166,10751225525.0
2026-01-27,1344.98,1343.01,1353.7,1338.0,48416,6514513216.0
2026-01-28,1343.04,1323.69,1346.71,1322.01,76218,10135019524.0
2026-01-29,1335.0,1437.72,1445.0,1329.06,189534,26305591086.0
2026-01-30,1435.0,1401.0,1435.0,1401.0,94480,13366329414.0
2026-02-02,1425.0,1427.0,1458.58,1411.62,85724,12312646443.0
2026-02-03,1445.0,1474.92,1476.81,1443.03,86321,12628439703.0
2026-02-04,1485.0,1525.0,1533.27,1474.0,109123,16444345980.0
2026-02-05,1520.0,1555.0,1565.0,1515.0,91623,14183456476.0
2026-02-06,1555.0,1515.01,1568.0,1505.88,78965,12019878669.0
2026-02-09,1518.0,1524.96,1542.88,1513.49,51168,7809067705.0
2026-02-10,1524.97,1504.8,1524.97,1496.5,39576,5953269321.0
2026-02-11,1504.8,1504.33,1514.0,1496.0,30928,4648360030.0
2026-02-12,1500.2,1486.6,1502.82,1473.36,46246,6874370113.0
2026-02-13,1486.6,1485.3,1507.8,1470.58,41679,6216379203.0
2026-02-24,1521.0,1466.8,1524.4,1463.6,41913,6198840572.0
2026-02-25,1470.0,1491.66,1509.66,1467.88,36881,5490316149.0
2026-02-26,1486.6,1466.21,1489.49,1464.67,32958,4855471430.0
2026-02-27,1466.99,1455.02,1476.21,1455.02,32160,4697692477.0
2026-03-02,1450.0,1440.11,1457.0,1436.66,35454,5115063511.0
2026-03-03,1440.1,1426.19,1452.87,1422.13,45891,6565381648.0
2026-03-04,1415.0,1401.18,1423.0,1392.09,48014,6743267103.0
2026-03-05,1406.0,1399.04,1412.96,1395.0,30505,4276226062.0
2026-03-06,1395.0,1402.0,1407.5,1388.0,29154,4072328833.0
2026-03-09,1390.0,1397.0,1404.9,1383.2,37442,5220095639.0
2026-03-10,1404.9,1401.88,1409.49,1398.0,24626,3457808916.0
2026-03-11,1402.99,1400.0,1405.99,1398.02,24457,3425363892.0
2026-03-12,1395.0,1392.0,1403.95,1391.01,27586,3850521717.0
2026-03-13,1392.48,1413.64,1417.62,1392.0,33608,4738808558.0
2026-03-16,1420.0,1460.18,1466.0,1420.0,60086,8711525836.0
2026-03-17,1468.0,1485.0,1498.07,1461.19,49454,7347310632.0
2026-03-18,1489.0,1468.8,1496.5,1463.15,35551,5239992522.0
2026-03-19,1472.96,1452.87,1473.0,1446.0,30319,4404953481.0
2026-03-20,1452.96,1445.0,1462.5,1439.0,26132,3782818260.0
2026-03-23,1433.33,1408.07,1435.0,1400.03,47256,6669708665.0
2026-03-24,1416.0,1407.33,1417.59,1400.18,28562,4017694387.0
2026-03-25,1410.11,1410.27,1417.87,1401.01,26093,3677905549.0
2026-03-26,1409.0,1401.18,1413.9,1400.3,23093,3243387502.0
2026-03-27,1400.0,1416.02,1426.0,1396.66,30087,4257499781.0
2026-03-30,1407.0,1420.0,1431.0,1402.52,28685,4060684934.0
2026-03-31,1468.0,1450.0,1479.93,1448.41,61691,9015486797.0
2026-04-01,1464.49,1459.44,1469.99,1452.88,29125,4256185472.0
2026-04-02,1459.44,1459.88,1464.88,1452.1,21064,3071809846.0
2026-04-03,1459.54,1460.0,1469.96,1455.0,20194,2953993081.0
2026-04-07,1460.05,1440.02,1470.0,1435.05,24152,3507471653.0
2026-04-08,1460.0,1465.02,1469.08,1452.13,33836,4947937007.0
2026-04-09,1465.02,1460.49,1465.02,1447.5,20705,3012278579.0
2026-04-10,1459.14,1453.96,1459.71,1441.1,28866,4187181529.0
2026-04-13,1444.0,1443.31,1446.5,1433.0,25214,3629675490.0
2026-04-14,1442.6,1446.9,1448.6,1435.0,24233,3492544230.0
2026-04-15,1444.98,1467.5,1470.79,1442.0,34553,5049317187.0
2026-04-16,1467.45,1462.84,1477.41,1460.0,24513,3597294838.0
2026-04-17,1400.0,1407.24,1421.0,1399.87,96825,13631929446.0
2026-04-20,1403.0,1410.89,1413.94,1400.0,36451,5127146041.0
2026-04-21,1411.0,1412.01,1419.9,1410.0,21754,3074595192.0
2026-04-22,1415.0,1409.5,1419.0,1404.98,26916,3793827534.0
